-- phpMyAdmin SQL Dump
-- version 5.1.1
-- https://www.phpmyadmin.net/
--
-- Servidor: 127.0.0.1
-- Tiempo de generación: 13-12-2023 a las 13:41:03
-- Versión del servidor: 10.4.22-MariaDB
-- Versión de PHP: 7.4.27

SET SQL_MODE = "NO_AUTO_VALUE_ON_ZERO";
START TRANSACTION;
SET time_zone = "+00:00";


/*!40101 SET @OLD_CHARACTER_SET_CLIENT=@@CHARACTER_SET_CLIENT */;
/*!40101 SET @OLD_CHARACTER_SET_RESULTS=@@CHARACTER_SET_RESULTS */;
/*!40101 SET @OLD_COLLATION_CONNECTION=@@COLLATION_CONNECTION */;
/*!40101 SET NAMES utf8mb4 */;

--
-- Base de datos: `avances_produccion`
--

-- --------------------------------------------------------

--
-- Estructura de tabla para la tabla `cat_areas`
--

CREATE TABLE `cat_areas` (
  `id` int(11) NOT NULL,
  `area` varchar(50) DEFAULT NULL
) ENGINE=InnoDB DEFAULT CHARSET=utf8mb4;

--
-- Volcado de datos para la tabla `cat_areas`
--

INSERT INTO `cat_areas` (`id`, `area`) VALUES
(1, 'BELL'),
(2, 'BN3'),
(3, 'CH'),
(4, 'MAR'),
(5, 'NUDS'),
(6, 'ELITE'),
(7, 'EMPAQUE'),
(8, 'ENNTO'),
(9, 'VS');

-- --------------------------------------------------------

--
-- Estructura de tabla para la tabla `cat_clientes`
--

CREATE TABLE `cat_clientes` (
  `id` int(11) NOT NULL,
  `clientes` varchar(50) DEFAULT NULL
) ENGINE=InnoDB DEFAULT CHARSET=utf8mb4;

--
-- Volcado de datos para la tabla `cat_clientes`
--

INSERT INTO `cat_clientes` (`id`, `clientes`) VALUES
(1, 'V.S'),
(2, 'CH'),
(3, 'BN3'),
(4, 'NUDS'),
(5, 'BELL'),
(6, 'LEQ'),
(7, 'MAR'),
(8, 'ELITE'),
(9, 'EMPAQUE'),
(10, 'ENTTO');

-- --------------------------------------------------------

--
-- Estructura de tabla para la tabla `cat_modulos`
--

CREATE TABLE `cat_modulos` (
  `id` int(11) NOT NULL,
  `Modulo` varchar(50) DEFAULT NULL,
  `planta` varchar(50) DEFAULT NULL,
  `cliente` varchar(50) DEFAULT NULL,
  `sam` decimal(20,4) DEFAULT NULL,
  `op_real` int(11) DEFAULT NULL,
  `op_presencia` int(11) DEFAULT NULL,
  `pxhrs` int(11) DEFAULT NULL,
  `capacitacion` int(11) DEFAULT NULL,
  `utility` decimal(20,1) DEFAULT NULL,
  `piezas_meta` int(11) DEFAULT NULL,
  `created_at` datetime DEFAULT NULL,
  `updated_at` datetime DEFAULT NULL,
  `deleted_at` datetime DEFAULT NULL
) ENGINE=InnoDB DEFAULT CHARSET=utf8mb4;

--
-- Volcado de datos para la tabla `cat_modulos`
--

INSERT INTO `cat_modulos` (`id`, `Modulo`, `planta`, `cliente`, `sam`, `op_real`, `op_presencia`, `pxhrs`, `capacitacion`, `utility`, `piezas_meta`, `created_at`, `updated_at`, `deleted_at`) VALUES
(1, '101A', 'IntimarkI', 'CHICOS', '32.1404', 30, 30, 0, 0, '1234.8', 258, NULL, NULL, NULL),
(2, '102A', 'IntimarkI', NULL, '0.0000', 0, 0, 0, 0, '0.0', 0, NULL, NULL, NULL),
(3, '103A', 'IntimarkI', 'CHICOS', '4.2814', 7, 7, 0, 0, '0.0', 1010, NULL, NULL, NULL),
(4, '104A', 'IntimarkI', NULL, '0.0000', 0, 0, 0, 0, '0.0', 0, NULL, NULL, NULL),
(5, '105A', 'IntimarkI', NULL, '0.0000', 0, 0, 0, 0, '0.0', 0, NULL, NULL, NULL),
(6, '107A', 'IntimarkI', 'NUUDS', '11.7725', 23, 20, 0, 0, '0.0', 519, NULL, NULL, NULL),
(7, '110A', 'IntimarkI', 'BELL', '17.6255', 14, 14, 0, 0, '0.0', 194, NULL, NULL, NULL),
(8, '111A', 'IntimarkI', 'VS', '3.7138', 7, 6, 0, 0, '0.0', 983, NULL, NULL, NULL),
(9, '112A', 'IntimarkI', NULL, '0.0000', 0, 0, 0, 0, '0.0', 0, NULL, NULL, NULL),
(10, '113A', 'IntimarkI', 'VS', '2.6002', 7, 7, 0, 0, '0.0', 932, NULL, NULL, NULL),
(11, '114A', 'IntimarkI', 'VS', '3.7138', 7, 7, 180, 0, '0.0', 885, NULL, NULL, NULL),
(12, '115A', 'IntimarkI', 'VS', '2.6002', 7, 7, 0, 0, '0.0', 1195, NULL, NULL, NULL),
(13, '117A', 'IntimarkI', 'VS', '2.6002', 7, 7, 0, 0, '0.0', 713, NULL, NULL, NULL),
(14, '118A', 'IntimarkI', 'VS', '3.7138', 7, 7, 0, 0, '0.0', 777, NULL, NULL, NULL),
(15, '120A', 'IntimarkI', 'VS', '3.7640', 7, 6, 0, 0, '617.4', 1148, NULL, NULL, NULL),
(16, '121A', 'IntimarkI', 'CHICOS', '26.3600', 29, 27, 0, 0, '1234.8', 263, NULL, NULL, NULL),
(17, '122A', 'IntimarkI', 'VS', '3.7640', 7, 7, 0, 0, '0.0', 1148, NULL, NULL, NULL),
(18, '123A', 'IntimarkI', 'VS', '3.7640', 7, 7, 0, 0, '0.0', 1148, NULL, NULL, NULL),
(19, '125A', 'IntimarkI', 'VS', '0.2658', 3, 3, 0, 0, '0.0', 6968, NULL, NULL, NULL),
(20, '127A', 'IntimarkI', 'MARENA', '12.0336', 13, 12, 0, 0, '3704.4', 287, NULL, NULL, NULL),
(21, '128A', 'IntimarkI', 'CHICOS', '4.2814', 6, 6, 0, 0, '617.4', 1009, NULL, NULL, NULL),
(22, '130A', 'IntimarkI', 'VS', '2.6002', 7, 6, 180, 0, '617.4', 1626, NULL, NULL, NULL),
(23, '131A', 'IntimarkI', 'MARENA', '7.3447', 0, 0, 0, 0, '0.0', 0, NULL, NULL, NULL),
(24, '133A', 'IntimarkI', 'BN3', '9.6475', 21, 21, 0, 0, '3087.0', 1057, NULL, NULL, NULL),
(25, '138A', 'IntimarkI', 'VS', '3.7138', 7, 7, 0, 0, '0.0', 1165, NULL, NULL, NULL),
(26, '139A', 'IntimarkI', 'VS', '3.7640', 7, 6, 0, 0, '617.4', 1148, NULL, NULL, NULL),
(27, '140A', 'IntimarkI', 'VS', '2.6002', 7, 7, 0, 0, '0.0', 1526, NULL, NULL, NULL),
(28, '143A', 'IntimarkI', 'VS', '3.7640', 7, 7, 0, 0, '0.0', 1148, NULL, NULL, NULL),
(29, '148A', 'IntimarkI', 'CHICOS', '8.3065', 8, 10, 0, 0, '617.0', 500, NULL, NULL, NULL),
(30, '150A', 'IntimarkI', 'CHICOS', '4.2814', 8, 8, 0, 0, '0.0', 575, NULL, NULL, NULL),
(31, '152A', 'IntimarkI', 'VS', '5.2993', 7, 7, 0, 0, '0.0', 1036, NULL, NULL, NULL),
(32, '154A', 'IntimarkI', 'MARENA', '4.5242', 4, 7, 0, 0, '630.0', 491, NULL, NULL, NULL),
(33, '162A', 'IntimarkI', 'VS', '2.6002', 7, 7, 0, 0, '0.0', 1283, NULL, NULL, NULL),
(34, '164A', 'IntimarkI', NULL, '0.0000', 0, 0, 0, 0, '0.0', 0, NULL, NULL, NULL),
(35, '167A', 'IntimarkI', 'VS', '2.6002', 7, 7, 0, 0, '0.0', 1385, NULL, NULL, NULL),
(36, '168A', 'IntimarkI', 'CHICOS', '8.2615', 8, 7, 0, 0, '1260.0', 454, NULL, NULL, NULL),
(37, '172A', 'IntimarkI', 'VS', '3.7138', 7, 7, 0, 0, '0.0', 1148, NULL, NULL, NULL),
(38, '199A', 'IntimarkI', 'ELITE´S', '11.2820', 14, 14, 0, 0, '0.0', 281, NULL, NULL, NULL),
(39, '830A', 'IntimarkI', 'EMPAQUE', '0.9100', 13, 13, 0, 0, '0.0', 6439, NULL, NULL, NULL),
(40, '119A', 'IntimarkI', NULL, '0.0000', 0, 0, 0, 0, '0.0', 0, NULL, NULL, NULL),
(41, '124A', 'IntimarkI', 'VS', '2.6002', 7, 7, 0, 0, '0.0', 410, NULL, NULL, NULL),
(42, '126A', 'IntimarkI', NULL, '0.0000', 0, 0, 0, 0, '0.0', 0, NULL, NULL, NULL),
(43, '135A', 'IntimarkI', NULL, '0.0000', 0, 0, 0, 0, '0.0', 0, NULL, NULL, NULL),
(44, '136A', 'IntimarkI', NULL, '0.0000', 0, 0, 0, 0, '0.0', 0, NULL, NULL, NULL),
(45, '146A', 'IntimarkI', NULL, '0.0000', 0, 0, 0, 0, '0.0', 0, NULL, NULL, NULL),
(46, '147A', 'IntimarkI', 'VS', '2.6002', 7, 7, 0, 0, '0.0', 1227, NULL, NULL, NULL),
(47, '149A', 'IntimarkI', NULL, '0.0000', 0, 0, 0, 0, '0.0', 0, NULL, NULL, NULL),
(48, '158A', 'IntimarkI', 'NUUDS', '10.5995', 8, 8, 0, 0, '0.0', 177, NULL, NULL, NULL),
(49, '141A', 'IntimarkI', 'LEQ', '16.6428', 23, 23, 0, 630, '617.4', 413, NULL, NULL, NULL),
(50, '151A', 'IntimarkI', 'LEQ', '3.4642', 3, 3, 0, 0, '0.0', 321, NULL, NULL, NULL),
(52, '106A', 'IntimarkI', 'VS', '2.6002', 7, 7, 0, 0, '0.0', 66, NULL, NULL, NULL);

-- --------------------------------------------------------

--
-- Estructura de tabla para la tabla `cat_team_leader`
--

CREATE TABLE `cat_team_leader` (
  `id` int(11) NOT NULL,
  `team_leader` varchar(50) DEFAULT NULL,
  `deleted_at` datetime DEFAULT NULL,
  `update_at` datetime DEFAULT NULL,
  `created_at` datetime DEFAULT NULL
) ENGINE=InnoDB DEFAULT CHARSET=utf8mb4;

--
-- Volcado de datos para la tabla `cat_team_leader`
--

INSERT INTO `cat_team_leader` (`id`, `team_leader`, `deleted_at`, `update_at`, `created_at`) VALUES
(1, 'ALEJANDRA', NULL, NULL, NULL),
(2, 'AMBAR', NULL, NULL, NULL),
(3, 'ANGELA', NULL, NULL, NULL),
(4, 'ARACELI', NULL, NULL, NULL),
(5, 'DOMINGO', NULL, NULL, NULL),
(6, 'ELIAS', NULL, NULL, NULL),
(7, 'ELVIA', NULL, NULL, NULL),
(8, 'FAUSTINO', NULL, NULL, NULL),
(9, 'FRANCISCO', NULL, NULL, NULL),
(10, 'GUADALUPE', NULL, NULL, NULL),
(11, 'HEIDI', NULL, NULL, NULL),
(12, 'J. CARLOS', NULL, NULL, NULL),
(13, 'LORENA', NULL, NULL, NULL),
(14, 'MARENA', NULL, NULL, NULL),
(15, 'NOE', NULL, NULL, NULL),
(16, 'RAYMUNDO', NULL, NULL, NULL);

-- --------------------------------------------------------

--
-- Estructura de tabla para la tabla `formato_p07`
--

CREATE TABLE `formato_p07` (
  `id` int(11) NOT NULL,
  `fecha_inicial` date DEFAULT NULL,
  `fecha_final` date DEFAULT NULL,
  `planta` varchar(50) DEFAULT NULL,
  `cliente` varchar(50) DEFAULT NULL,
  `modulo` varchar(50) DEFAULT NULL,
  `cantidad_total` varchar(50) DEFAULT NULL,
  `cantidad_d1` varchar(50) DEFAULT NULL,
  `cantidad_d2` varchar(50) DEFAULT NULL,
  `cantidad_d3` varchar(50) DEFAULT NULL,
  `cantidad_d4` varchar(50) DEFAULT NULL,
  `cantidad_d5` varchar(50) DEFAULT NULL,
  `eficiencia_total` varchar(50) DEFAULT NULL,
  `eficiencia_d1` varchar(50) DEFAULT NULL,
  `eficiencia_d2` varchar(50) DEFAULT NULL,
  `eficiencia_d3` varchar(50) DEFAULT NULL,
  `eficiencia_d4` varchar(50) DEFAULT NULL,
  `eficiencia_d5` varchar(50) DEFAULT NULL,
  `mintutos_prod_total` varchar(50) DEFAULT NULL,
  `minutos_prod_d1` varchar(50) DEFAULT NULL,
  `minutos_prod_d2` varchar(50) DEFAULT NULL,
  `minutos_prod_d3` varchar(50) DEFAULT NULL,
  `minutos_prod_d4` varchar(50) DEFAULT NULL,
  `minutos_prod_d5` varchar(50) DEFAULT NULL,
  `minutos_100_total` varchar(50) DEFAULT NULL,
  `minutos_100_d1` varchar(50) DEFAULT NULL,
  `minutos_100_d2` varchar(50) DEFAULT NULL,
  `minutos_100_d3` varchar(50) DEFAULT NULL,
  `minutos_100_d4` varchar(50) DEFAULT NULL,
  `minutos_100_d5` varchar(50) DEFAULT NULL,
  `cantidad_total2` varchar(50) DEFAULT NULL,
  `eficiencia_total2` varchar(50) DEFAULT NULL,
  `minutos_prod_total2` varchar(50) DEFAULT NULL,
  `minutos_100_total2` varchar(50) DEFAULT NULL,
  `created_at` datetime DEFAULT NULL,
  `update_at` datetime DEFAULT NULL,
  `deleted_at` datetime DEFAULT NULL
) ENGINE=InnoDB DEFAULT CHARSET=utf8mb4;

--
-- Volcado de datos para la tabla `formato_p07`
--

INSERT INTO `formato_p07` (`id`, `fecha_inicial`, `fecha_final`, `planta`, `cliente`, `modulo`, `cantidad_total`, `cantidad_d1`, `cantidad_d2`, `cantidad_d3`, `cantidad_d4`, `cantidad_d5`, `eficiencia_total`, `eficiencia_d1`, `eficiencia_d2`, `eficiencia_d3`, `eficiencia_d4`, `eficiencia_d5`, `mintutos_prod_total`, `minutos_prod_d1`, `minutos_prod_d2`, `minutos_prod_d3`, `minutos_prod_d4`, `minutos_prod_d5`, `minutos_100_total`, `minutos_100_d1`, `minutos_100_d2`, `minutos_100_d3`, `minutos_100_d4`, `minutos_100_d5`, `cantidad_total2`, `eficiencia_total2`, `minutos_prod_total2`, `minutos_100_total2`, `created_at`, `update_at`, `deleted_at`) VALUES
(2, '2023-11-06', '2023-11-10', 'Planta I', 'NU Chicos PI 1T', '101A', NULL, '461', '489', '516', '627', '515', NULL, '36.7', '38.9', '41.1', '40', '38', NULL, '6576', '6969', '7361', '7156', '3886', NULL, '17905', '17905', '17905', '17905', '10231', '117464', '58.1', '587823', '1010888', NULL, NULL, NULL),
(3, '2023-11-06', '2023-11-10', 'Planta I', 'Chicos  PI  1T', '121A', NULL, '316', '242', '198', '211', '125', NULL, '36.2', '32.8', '31.5', '33.7', '35', NULL, '6255', '5669', '5452', '5829', '3454', NULL, '17287', '17287', '17287', '17287', '9878', '117464', '58.1', '587823', '1010888', NULL, NULL, NULL),
(4, '2023-11-06', '2023-11-10', 'Planta I', 'NU Chicos PI 1T', '162A', NULL, '701', '749', '799', '850', '502', NULL, '30.6', '32.3', '34.5', '36.6', '37.9', NULL, '4161', '4382', '4680', '4977', '2941', NULL, '13583', '13583', '13583', '13583', '7762', '117464', '58.1', '587823', '1010888', NULL, NULL, NULL),
(5, '2023-11-06', '2023-11-10', 'Planta I', 'Chicos  PI  1T', '148A', NULL, '429', '440', '440', '440', '251', NULL, '68.2', '70', '70', '70', '70', NULL, '3368', '3457', '3456', '3457', '1976', NULL, '4939', '4939', '4939', '4939', '2822', '117464', '58.1', '587823', '1010888', NULL, NULL, NULL),
(6, '2023-11-06', '2023-11-10', 'Planta I', 'NU PI 1T', '168A', NULL, '481', '492', '492', '448', '252', NULL, '68.4', '70', '70', '70', '70', NULL, '3383', '3463', '3462', '3462', '1978', NULL, '4945', '4945', '4945', '4945', '2826', '117464', '58.1', '587823', '1010888', NULL, NULL, NULL),
(7, '2023-11-06', '2023-11-10', 'Planta I', 'NU PI 1T', '107A', NULL, '362', '381', '398', '412', '240', NULL, '43.2', '45.4', '47.4', '49.1', '50', NULL, '4266', '4482', '4684', '4848', '2822', NULL, '9878', '9878', '9878', '9878', '5645', '117464', '58.1', '587823', '1010888', NULL, NULL, NULL),
(8, '2023-11-06', '2023-11-10', 'Planta I', 'NU PI 1T', '110A', NULL, '250', '254', '241', '256', '151', NULL, '31.7', '33.6', '35.8', '38', '39.3', NULL, '4111', '4362', '4645', '4929', '2909', NULL, '12965', '12965', '12965', '12965', '7409', '117464', '58.1', '587823', '1010888', NULL, NULL, NULL),
(9, '2023-11-06', '2023-11-10', 'Planta I', 'Chicos  PI  1T', '103A', NULL, '1009', '1010', '1010', '1009', '577', NULL, '100', '100.1', '100.1', '100', '100', NULL, '4321', '4324', '4324', '4321', '2470', NULL, '4322', '4322', '4322', '4322', '2470', '117464', '58.1', '587823', '1010888', NULL, NULL, NULL),
(10, '2023-11-06', '2023-11-10', 'Planta I', 'Chicos  PI  1T', '128A', NULL, '1010', '1010', '1009', '1009', '577', NULL, '100', '100', '100', '100', '100', NULL, '4322', '4323', '4321', '4320', '2470', NULL, '4322', '4322', '4322', '4322', '2470', '117464', '58.1', '587823', '1010888', NULL, NULL, NULL),
(11, '2023-11-06', '2023-11-10', 'Planta I', 'Chicos  PI  1T', '150A', NULL, '288', '309', '330', '413', '245', NULL, '25.9', '27.7', '29.6', '31.8', '33.1', NULL, '1232', '1322', '1411', '1768', '1050', NULL, '4763', '4763', '4763', '5557', '3175', '117464', '58.1', '587823', '1010888', NULL, NULL, NULL),
(12, '2023-11-06', '2023-11-10', 'Planta I', 'BN3  PI 1T', '133A', NULL, '740', '795', '817', '840', '486', NULL, '63.8', '65.2', '67', '68.8', '69.7', NULL, '7094', '7245', '7446', '7649', '4428', NULL, '11113', '11113', '11113', '11113', '6350', '117464', '58.1', '587823', '1010888', NULL, NULL, NULL),
(13, '2023-11-06', '2023-11-10', 'Planta I', 'BN3  PI 1T', '199A', NULL, '162', '165', '151', '161', '105', NULL, '25', '25', '25', '25', '25', NULL, '2161', '2163', '2162', '2162', '1235', NULL, '8644', '8644', '8644', '8644', '4939', '117464', '58.1', '587823', '1010888', NULL, NULL, NULL),
(14, '2023-11-06', '2023-11-10', 'Planta I', 'VS  PI 1T', '152A', NULL, '693', '693', '693', '693', '396', NULL, '85', '85', '85', '85', '85', NULL, '3674', '3673', '3674', '3674', '2099', NULL, '4322', '4322', '4322', '4322', '2470', '117464', '58.1', '587823', '1010888', NULL, NULL, NULL),
(15, '2023-11-06', '2023-11-10', 'Planta I', 'VS  PI 1T', '167A', NULL, '816', '816', '816', '816', '466', NULL, '100', '100', '100', '100', '100', NULL, '4322', '4322', '4323', '4322', '2470', NULL, '4322', '4322', '4322', '4322', '2470', '117464', '58.1', '587823', '1010888', NULL, NULL, NULL),
(16, '2023-11-06', '2023-11-10', 'Planta I', 'VS  PI 1T', '138A', NULL, '1003', '1028', '1052', '1072', '618', NULL, '86.2', '88.4', '90.4', '92.1', '93', NULL, '3724', '3819', '3908', '3980', '2296', NULL, '4322', '4322', '4322', '4322', '2470', '117464', '58.1', '587823', '1010888', NULL, NULL, NULL),
(17, '2023-11-06', '2023-11-10', 'Planta I', 'VS  PI 1T', '111A', NULL, '712', '737', '762', '780', '452', NULL, '61.2', '63.4', '65.4', '67.1', '68', NULL, '2645', '2738', '2828', '2899', '1679', NULL, '4322', '4322', '4322', '4322', '2470', '117464', '58.1', '587823', '1010888', NULL, NULL, NULL),
(18, '2023-11-06', '2023-11-10', 'Planta I', 'VS  PI 1T', '114A', NULL, '689', '714', '740', '763', '442', NULL, '59.2', '61.4', '63.6', '65.6', '66.5', NULL, '2558', '2652', '2747', '2834', '1643', NULL, '4322', '4322', '4322', '4322', '2470', '117464', '58.1', '587823', '1010888', NULL, NULL, NULL),
(19, '2023-11-06', '2023-11-10', 'Planta I', 'VS  PI 1T', '105A', NULL, '1023', '1056', '1039', '1009', '490', NULL, '100', '100', '100', '96.7', '74.6', NULL, '4322', '4321', '4323', '4180', '1844', NULL, '4322', '4322', '4322', '4322', '2470', '117464', '58.1', '587823', '1010888', NULL, NULL, NULL),
(20, '2023-11-06', '2023-11-10', 'Planta I', 'VS  PI 1T', '118A', NULL, '1060', '1034', '1076', '1031', '585', NULL, '100', '100', '100', '100', '100', NULL, '4320', '4322', '4321', '4321', '2470', NULL, '4322', '4322', '4322', '4322', '2470', '117464', '58.1', '587823', '1010888', NULL, NULL, NULL),
(21, '2023-11-06', '2023-11-10', 'Planta I', 'VS  PI 1T', '139A', NULL, '1035', '1054', '1074', '1100', '636', NULL, '90.1', '91.8', '93.5', '95.8', '97', NULL, '3896', '3967', '4042', '4139', '2395', NULL, '4322', '4322', '4322', '4322', '2470', '117464', '58.1', '587823', '1010888', NULL, NULL, NULL),
(22, '2023-11-06', '2023-11-10', 'Planta I', 'VS  PI 1T', '172A', NULL, '1149', '1148', '1148', '1148', '656', NULL, '100.1', '100', '100', '100', '100', NULL, '4324', '4321', '4321', '4323', '2470', NULL, '4322', '4322', '4322', '4322', '2470', '117464', '58.1', '587823', '1010888', NULL, NULL, NULL),
(23, '2023-11-06', '2023-11-10', 'Planta I', 'VS  PI 1T', '120A', NULL, '1148', '1148', '1148', '1148', '656', NULL, '100', '100', '100', '100', '100', NULL, '4323', '4322', '4320', '4323', '2470', NULL, '4322', '4322', '4322', '4322', '2470', '117464', '58.1', '587823', '1010888', NULL, NULL, NULL),
(24, '2023-11-06', '2023-11-10', 'Planta I', 'VS  PI 1T', '122A', NULL, '989', '1014', '1038', '1057', '610', NULL, '86.2', '88.4', '90.4', '92', '93', NULL, '3724', '3818', '3908', '3977', '2297', NULL, '4322', '4322', '4322', '4322', '2470', '117464', '58.1', '587823', '1010888', NULL, NULL, NULL),
(25, '2023-11-06', '2023-11-10', 'Planta I', 'VS  PI 1T', '123A', NULL, '1035', '1053', '1074', '1100', '636', NULL, '90.2', '91.8', '93.5', '95.8', '97', NULL, '3897', '3965', '4042', '4139', '2396', NULL, '4322', '4322', '4322', '4322', '2470', '117464', '58.1', '587823', '1010888', NULL, NULL, NULL),
(26, '2023-11-06', '2023-11-10', 'Planta I', 'VS  PI 1T', '143A', NULL, '828', '847', '867', '893', '518', NULL, '72.1', '73.8', '75.6', '77.7', '79', NULL, '3117', '3188', '3265', '3360', '1951', NULL, '4322', '4322', '4322', '4322', '2470', '117464', '58.1', '587823', '1010888', NULL, NULL, NULL),
(27, '2023-11-06', '2023-11-10', 'Planta I', 'VS  PI 1T', '115A', NULL, '1640', '1640', '1640', '1640', '937', NULL, '100', '100', '100', '100', '100', NULL, '4321', '4323', '4322', '4322', '2470', NULL, '4322', '4322', '4322', '4322', '2470', '117464', '58.1', '587823', '1010888', NULL, NULL, NULL),
(28, '2023-11-06', '2023-11-10', 'Planta I', 'VS  PI 1T', '130A', NULL, '1690', '1739', '1772', '1772', '1013', NULL, '97', '98.8', '100', '100', '100', NULL, '4194', '4270', '4322', '4322', '2470', NULL, '4322', '4322', '4322', '4322', '2470', '117464', '58.1', '587823', '1010888', NULL, NULL, NULL),
(29, '2023-11-06', '2023-11-10', 'Planta I', 'VS  PI 1T', '113A', NULL, '435', '472', '508', '544', '323', NULL, '26.2', '28.4', '30.6', '32.8', '34', NULL, '1132', '1227', '1321', '1416', '839', NULL, '4322', '4322', '4322', '4322', '2470', '117464', '58.1', '587823', '1010888', NULL, NULL, NULL),
(30, '2023-11-06', '2023-11-10', 'Planta I', 'VS  PI 1T', '140A', NULL, '1462', '1500', '1527', '1558', '902', NULL, '88.2', '90.3', '91.9', '93.7', '95', NULL, '3811', '3901', '3970', '4052', '2346', NULL, '4322', '4322', '4322', '4322', '2470', '117464', '58.1', '587823', '1010888', NULL, NULL, NULL),
(31, '2023-11-06', '2023-11-10', 'Planta I', 'VS  PI 1T', '117A', NULL, '76', '148', '214', '263', '166', NULL, '4.6', '8.9', '12.9', '15.8', '17.5', NULL, '197', '386', '556', '683', '431', NULL, '4322', '4322', '4322', '4322', '2470', '117464', '58.1', '587823', '1010888', NULL, NULL, NULL),
(32, '2023-11-06', '2023-11-10', 'Planta I', 'Marena 1T', '131A', NULL, '247', '242', '242', '234', '102', NULL, '32', '32', '32', '32', '32', NULL, '1777', '1778', '1779', '1779', '1016', NULL, '5557', '5557', '5557', '5557', '3175', '117464', '58.1', '587823', '1010888', NULL, NULL, NULL),
(33, '2023-11-06', '2023-11-10', 'Planta I', 'Marena 1T', '154A', NULL, '355', '285', '583', '303', '225', NULL, '45', '45', '45', '45', '45', NULL, '1389', '1389', '1389', '1389', '794', NULL, '3087', '3087', '3087', '3087', '1764', '117464', '58.1', '587823', '1010888', NULL, NULL, NULL),
(34, '2023-11-06', '2023-11-10', 'Planta I', 'Marena 1T', '127A', NULL, '213', '192', '284', '245', '110', NULL, '34', '34', '34', '34', '34', NULL, '2310', '2310', '2309', '2309', '1319', NULL, '6791', '6791', '6791', '6791', '3881', '117464', '58.1', '587823', '1010888', NULL, NULL, NULL),
(35, '2023-11-06', '2023-11-10', 'Planta I', 'Pacific  PI 1T', '141A', NULL, '310', '327', '343', '358', '209', NULL, '41.2', '43.4', '45.6', '47.6', '48.5', NULL, '5340', '5623', '5907', '6166', '3593', NULL, '12965', '12965', '12965', '12965', '7409', '117464', '58.1', '587823', '1010888', NULL, NULL, NULL),
(163, '2023-11-27', '2023-12-01', 'intimark I', 'NU Chicos PI 1T', '101A', '1232', '237', '250', '258', '270', '218', '41.6', '40.3', '42.5', '44', '42.9', '35.5', '35204', '7470', '7875', '8150', '7954', '3755', '84672', '18522', '18522', '18522', '18522', '10584', NULL, NULL, NULL, NULL, NULL, NULL, NULL),
(164, '2023-11-27', '2023-12-01', 'intimark I', 'Chicos  PI  1T', '121A', '1647', '285', '299', '302', '479', '283', '43.4', '45.4', '47.6', '47.9', '36.2', '37.4', '34330', '7854', '8232', '8288', '6257', '3699', '79027', '17287', '17287', '17287', '17287', '9878', NULL, NULL, NULL, NULL, NULL, NULL, NULL),
(165, '2023-11-27', '2023-12-01', 'intimark I', 'Chicos  PI  1T', '148A', '1827', '550', '550', '500', '143', '84', '62.9', '70', '70', '67.4', '50.5', '51.7', '17742', '4322', '4323', '4158', '3115', '1824', '28224', '6174', '6174', '6174', '6174', '3528', NULL, NULL, NULL, NULL, NULL, NULL, NULL),
(166, '2023-11-27', '2023-12-01', 'intimark I', 'NU PI 1T', '168A', '1624', '477', '489', '454', '129', '76', '62.2', '67.4', '69.2', '67.6', '50.4', '51.7', '15789', '3747', '3844', '3755', '2802', '1641', '25402', '5557', '5557', '5557', '5557', '3175', NULL, NULL, NULL, NULL, NULL, NULL, NULL),
(167, '2023-11-27', '2023-12-01', 'intimark I', 'NU PI 1T', '107A', '1991', '563', '543', '551', '334', '0', '35.4', '45', '45', '45', '26.8', '0', '22974', '6391', '6390', '6392', '3801', '0', '64915', '14200', '14200', '14200', '14200', '8114', NULL, NULL, NULL, NULL, NULL, NULL, NULL),
(168, '2023-11-27', '2023-12-01', 'intimark I', 'VS  PI 1T', '158A', '612', '167', '172', '177', '96', '0', '30.3', '37.1', '38.7', '40.8', '22', '0', '6845', '1831', '1912', '2015', '1087', '0', '22579', '4939', '4939', '4939', '4939', '2822', NULL, NULL, NULL, NULL, NULL, NULL, NULL),
(169, '2023-11-27', '2023-12-01', 'intimark I', 'NU PI 1T', '110A', '1015', '233', '206', '216', '227', '133', '45.9', '46.7', '43', '45.2', '47.3', '48.6', '18146', '4036', '3714', '3903', '4093', '2400', '39514', '8644', '8644', '8644', '8644', '4939', NULL, NULL, NULL, NULL, NULL, NULL, NULL),
(170, '2023-11-27', '2023-12-01', 'intimark I', 'Chicos  PI  1T', '103A', '4615', '1009', '1010', '1009', '1010', '577', '100', '100', '100', '100', '100', '100', '19755', '4321', '4322', '4321', '4322', '2470', '19757', '4322', '4322', '4322', '4322', '2470', NULL, NULL, NULL, NULL, NULL, NULL, NULL),
(171, '2023-11-27', '2023-12-01', 'intimark I', 'Chicos  PI  1T', '128A', '4615', '1010', '1010', '1010', '1009', '577', '100', '100', '100', '100', '100', '100', '19756', '4322', '4322', '4322', '4320', '2470', '19757', '4322', '4322', '4322', '4322', '2470', NULL, NULL, NULL, NULL, NULL, NULL, NULL),
(172, '2023-11-27', '2023-12-01', 'intimark I', 'Chicos  PI  1T', '150A', '2599', '524', '549', '575', '600', '351', '49.3', '45.4', '47.6', '49.8', '52', '53.2', '11127', '2244', '2352', '2460', '2568', '1503', '22579', '4939', '4939', '4939', '4939', '2822', NULL, NULL, NULL, NULL, NULL, NULL, NULL),
(173, '2023-11-27', '2023-12-01', 'intimark I', 'BN3  PI 1T', '133A', '3988', '810', '873', '905', '883', '516', '62.9', '59.2', '61.4', '63.5', '65.5', '66.5', '37296', '7675', '7956', '8239', '8499', '4927', '59270', '12965', '12965', '12965', '12965', '7409', NULL, NULL, NULL, NULL, NULL, NULL, NULL),
(174, '2023-11-27', '2023-12-01', 'intimark I', 'VS  PI 1T', '105A', '774', '154', '166', '172', '178', '103', '62.9', '59.2', '61.4', '63.6', '65.6', '66.5', '7104', '1461', '1516', '1570', '1619', '938', '11290', '2470', '2470', '2470', '2470', '1411', NULL, NULL, NULL, NULL, NULL, NULL, NULL),
(175, '2023-11-27', '2023-12-01', 'intimark I', 'BN3  PI 1T', '199A', '1498', '259', '277', '281', '370', '310', '35.6', '32.9', '35.1', '36.9', '36.1', '38', '14070', '2844', '3034', '3194', '3122', '1877', '39514', '8644', '8644', '8644', '8644', '4939', NULL, NULL, NULL, NULL, NULL, NULL, NULL),
(176, '2023-11-27', '2023-12-01', 'intimark I', 'VS  PI 1T', '138A', '5272', '1130', '1149', '1165', '1164', '665', '99.1', '97.1', '98.7', '100.1', '100', '100', '19581', '4197', '4267', '4326', '4321', '2470', '19757', '4322', '4322', '4322', '4322', '2470', NULL, NULL, NULL, NULL, NULL, NULL, NULL),
(177, '2023-11-27', '2023-12-01', 'intimark I', 'VS  PI 1T', '111A', '4363', '912', '937', '963', '983', '568', '82', '78.4', '80.5', '82.8', '84.5', '85.4', '16205', '3388', '3481', '3578', '3651', '2109', '19757', '4322', '4322', '4322', '4322', '2470', NULL, NULL, NULL, NULL, NULL, NULL, NULL),
(178, '2023-11-27', '2023-12-01', 'intimark I', 'VS  PI 1T', '114A', '3914', '814', '840', '861', '885', '514', '73.6', '70', '72.1', '74', '76', '77.3', '14535', '3025', '3118', '3197', '3286', '1909', '19757', '4322', '4322', '4322', '4322', '2470', NULL, NULL, NULL, NULL, NULL, NULL, NULL),
(179, '2023-11-27', '2023-12-01', 'intimark I', 'VS  PI 1T', '118A', '3422', '707', '732', '758', '777', '449', '64.3', '60.7', '62.9', '65.1', '66.7', '67.5', '12710', '2625', '2719', '2814', '2884', '1668', '19757', '4322', '4322', '4322', '4322', '2470', NULL, NULL, NULL, NULL, NULL, NULL, NULL),
(180, '2023-11-27', '2023-12-01', 'intimark I', 'VS  PI 1T', '139A', '5249', '1148', '1148', '1148', '1148', '656', '100', '100', '100', '100', '100', '100', '19757', '4321', '4322', '4322', '4322', '2470', '19757', '4322', '4322', '4322', '4322', '2470', NULL, NULL, NULL, NULL, NULL, NULL, NULL),
(181, '2023-11-27', '2023-12-01', 'intimark I', 'VS  PI 1T', '120A', '5248', '1148', '1148', '1148', '1148', '656', '100', '100', '100', '100', '100', '100', '19754', '4320', '4322', '4320', '4322', '2470', '19757', '4322', '4322', '4322', '4322', '2470', NULL, NULL, NULL, NULL, NULL, NULL, NULL),
(182, '2023-11-27', '2023-12-01', 'intimark I', 'VS  PI 1T', '122A', '5249', '1148', '1148', '1148', '1148', '656', '100', '100', '100', '100', '100', '100', '19756', '4322', '4322', '4322', '4320', '2470', '19757', '4322', '4322', '4322', '4322', '2470', NULL, NULL, NULL, NULL, NULL, NULL, NULL),
(183, '2023-11-27', '2023-12-01', 'intimark I', 'VS  PI 1T', '123A', '5250', '1148', '1149', '1148', '1148', '656', '100', '100', '100', '100', '100', '100', '19760', '4322', '4323', '4322', '4323', '2470', '19757', '4322', '4322', '4322', '4322', '2470', NULL, NULL, NULL, NULL, NULL, NULL, NULL),
(184, '2023-11-27', '2023-12-01', 'intimark I', 'VS  PI 1T', '143A', '5200', '1115', '1133', '1148', '1148', '656', '99.1', '97.1', '98.7', '100', '100', '100', '19574', '4197', '4265', '4320', '4322', '2470', '19757', '4322', '4322', '4322', '4322', '2470', NULL, NULL, NULL, NULL, NULL, NULL, NULL),
(185, '2023-11-27', '2023-12-01', 'intimark I', 'VS  PI 1T', '172A', '5248', '1149', '1148', '1148', '1148', '655', '100', '100', '100', '100', '100', '99.9', '19754', '4323', '4322', '4321', '4322', '2467', '19757', '4322', '4322', '4322', '4322', '2470', NULL, NULL, NULL, NULL, NULL, NULL, NULL),
(186, '2023-11-27', '2023-12-01', 'intimark I', 'VS  PI 1T', '115A', '6431', '1641', '1640', '1263', '1195', '692', '85.3', '100', '100', '76.3', '71.9', '72.9', '16848', '4323', '4322', '3296', '3107', '1799', '19757', '4322', '4322', '4322', '4322', '2470', NULL, NULL, NULL, NULL, NULL, NULL, NULL),
(187, '2023-11-27', '2023-12-01', 'intimark I', 'VS  PI 1T', '130A', '7073', '1463', '1498', '1526', '1626', '960', '91.4', '88', '90.1', '91.8', '93.6', '94.8', '18053', '3803', '3896', '3968', '4044', '2341', '19757', '4322', '4322', '4322', '4322', '2470', NULL, NULL, NULL, NULL, NULL, NULL, NULL),
(188, '2023-11-27', '2023-12-01', 'intimark I', 'VS  PI 1T', '113A', '4082', '835', '870', '904', '932', '541', '53.7', '50.2', '52.4', '54.4', '56', '57', '10612', '2170', '2262', '2350', '2422', '1407', '19757', '4322', '4322', '4322', '4322', '2470', NULL, NULL, NULL, NULL, NULL, NULL, NULL),
(189, '2023-11-27', '2023-12-01', 'intimark I', 'VS  PI 1T', '117A', '3066', '615', '642', '677', '713', '419', '40.3', '37', '38.6', '40.7', '42.9', '44.1', '7971', '1598', '1670', '1759', '1854', '1090', '19757', '4322', '4322', '4322', '4322', '2470', NULL, NULL, NULL, NULL, NULL, NULL, NULL),
(190, '2023-11-27', '2023-12-01', 'intimark I', 'VS  PI 1T', '124A', '1656', '290', '337', '373', '410', '246', '21.8', '17.5', '20.3', '22.5', '24.7', '25.9', '4306', '754', '876', '971', '1065', '640', '19757', '4322', '4322', '4322', '4322', '2470', NULL, NULL, NULL, NULL, NULL, NULL, NULL),
(191, '2023-11-27', '2023-12-01', 'intimark I', 'VS  PI 1T', '167A', '6277', '1312', '1351', '1385', '1413', '816', '82.6', '79', '81.3', '83.3', '85', '85.9', '16325', '3416', '3513', '3601', '3673', '2121', '19757', '4322', '4322', '4322', '4322', '2470', NULL, NULL, NULL, NULL, NULL, NULL, NULL),
(192, '2023-11-27', '2023-12-01', 'intimark I', 'VS  PI 1T', '152A', '4548', '816', '816', '1036', '1190', '690', '86', '100', '100', '80.1', '71.6', '72.7', '16996', '4322', '4322', '3463', '3095', '1795', '19757', '4322', '4322', '4322', '4322', '2470', NULL, NULL, NULL, NULL, NULL, NULL, NULL),
(193, '2023-11-27', '2023-12-01', 'intimark I', 'VS  PI 1T', '140A', '6949', '1465', '1500', '1526', '1557', '901', '91.4', '88.1', '90.2', '91.8', '93.6', '94.8', '18066', '3808', '3900', '3969', '4047', '2342', '19757', '4322', '4322', '4322', '4322', '2470', NULL, NULL, NULL, NULL, NULL, NULL, NULL),
(194, '2023-11-27', '2023-12-01', 'intimark I', 'NU Chicos PI 1T', '162A', '5829', '1217', '1246', '1283', '1319', '765', '77.5', '73.9', '75.7', '77.9', '80.1', '81.4', '15157', '3164', '3241', '3335', '3428', '1989', '19559', '4279', '4279', '4279', '4279', '2445', NULL, NULL, NULL, NULL, NULL, NULL, NULL),
(195, '2023-11-27', '2023-12-01', 'intimark I', 'VS  PI 1T', '147A', '5578', '1165', '1200', '1227', '1257', '730', '73.4', '70.1', '72.2', '73.8', '75.6', '76.8', '14502', '3029', '3120', '3189', '3267', '1897', '19757', '4322', '4322', '4322', '4322', '2470', NULL, NULL, NULL, NULL, NULL, NULL, NULL),
(196, '2023-11-27', '2023-12-01', 'intimark I', 'Marena 1T', '131A', '1343', '222', '356', '435', '158', '170', '32', '32', '32', '32', '32', '32', '7225', '1580', '1582', '1580', '1579', '904', '22579', '4939', '4939', '4939', '4939', '2822', NULL, NULL, NULL, NULL, NULL, NULL, NULL),
(197, '2023-11-27', '2023-12-01', 'intimark I', 'Marena 1T', '154A', '1135', '272', '224', '289', '219', '130', '45', '45', '45', '45', '45', '45', '5077', '1110', '1110', '1111', '1111', '635', '11290', '2470', '2470', '2470', '2470', '1411', NULL, NULL, NULL, NULL, NULL, NULL, NULL),
(198, '2023-11-27', '2023-12-01', 'intimark I', 'Marena 1T', '127A', '1158', '240', '240', '240', '240', '198', '36', '36', '36', '36', '36', '36', '13209', '2890', '2890', '2889', '2888', '1651', '36691', '8026', '8026', '8026', '8026', '4586', NULL, NULL, NULL, NULL, NULL, NULL, NULL),
(199, '2023-11-27', '2023-12-01', 'intimark I', 'Pacific  PI 1T', '141A', '1960', '398', '418', '433', '448', '262', '47.8', '44.4', '46.6', '48.4', '50', '51.2', '33755', '6858', '7196', '7464', '7717', '4520', '70560', '15435', '15435', '15435', '15435', '8820', NULL, NULL, NULL, NULL, NULL, NULL, NULL),
(200, '2023-11-27', '2023-12-01', 'total', 'total', 'total', '133537', '28648', '29266', '29643', '29101', '16880', '60.8', '61', '62.2', '62.3', '59.5', '57.5', '639627', '140386', '143153', '143551', '136929', '75608', '1052558', '230247', '230247', '230247', '230247', '131570', NULL, NULL, NULL, NULL, NULL, NULL, NULL);

-- --------------------------------------------------------

--
-- Estructura de tabla para la tabla `indicadores`
--

CREATE TABLE `indicadores` (
  `id` int(11) DEFAULT NULL,
  `indicador` int(11) DEFAULT NULL
) ENGINE=InnoDB DEFAULT CHARSET=utf8mb4;

-- --------------------------------------------------------

--
-- Estructura de tabla para la tabla `planeacion`
--

CREATE TABLE `planeacion` (
  `id` int(11) NOT NULL,
  `fecha` date DEFAULT NULL,
  `team_leader` varchar(50) DEFAULT NULL,
  `area` varchar(50) DEFAULT NULL,
  `modulo` varchar(50) DEFAULT NULL,
  `estilo` varchar(50) DEFAULT NULL,
  `op_real` varchar(50) DEFAULT NULL COMMENT 'operadores reales',
  `op_presencia` varchar(50) DEFAULT NULL COMMENT 'operadores presencia',
  `pxhrs` varchar(50) DEFAULT NULL COMMENT 'permisos x hora',
  `capacitacion` varchar(50) DEFAULT NULL,
  `utility` varchar(50) DEFAULT NULL,
  `sam_P07` varchar(50) DEFAULT NULL COMMENT 'Ax',
  `meta_proyectada` varchar(50) DEFAULT NULL COMMENT 'Fast React',
  `sam` varchar(50) DEFAULT NULL COMMENT '= sam P07',
  `piezas_meta` varchar(50) DEFAULT NULL COMMENT 'Fast REact',
  `mix_x_producir` varchar(50) DEFAULT NULL COMMENT 'piezas meta x sam',
  `min_presencia` varchar(50) DEFAULT NULL COMMENT 'op presencia * tiempo de desocupacion',
  `min_presencia_netos` varchar(50) DEFAULT NULL COMMENT '(min presencia -(pxhrs+capcacitacion))+ utility',
  `eficiencia_meta` varchar(50) DEFAULT NULL COMMENT 'min x producir / min presencia netos',
  `eficiencira_real` varchar(50) DEFAULT NULL COMMENT 'eficiencia meta  *100',
  `eficiencia_P07_pago` varchar(50) DEFAULT NULL COMMENT 'FastReact',
  `tiempo_desocupacion` varchar(50) DEFAULT NULL COMMENT '630*0.98'
) ENGINE=InnoDB DEFAULT CHARSET=utf8mb4;

--
-- Volcado de datos para la tabla `planeacion`
--

INSERT INTO `planeacion` (`id`, `fecha`, `team_leader`, `area`, `modulo`, `estilo`, `op_real`, `op_presencia`, `pxhrs`, `capacitacion`, `utility`, `sam_P07`, `meta_proyectada`, `sam`, `piezas_meta`, `mix_x_producir`, `min_presencia`, `min_presencia_netos`, `eficiencia_meta`, `eficiencira_real`, `eficiencia_P07_pago`, `tiempo_desocupacion`) VALUES
(2, '2023-11-09', '1', '1', '125A', '11173458', '4', '3', '0', '0', '0', '0', '0', '0', '6968', '1852', '1852', '1852', '1', '100', '100', '617'),
(3, '2023-11-09', '15', '1', '105A', '11229158', '7', '7', '0', '0', '0', '4', '1039', '4', '1039', '4322', '4322', '4322', '1', '100', '100', '617'),
(4, '2023-11-09', '15', '1', '118A', '11229158', '7', '7', '0', '0', '0', '4', '1076', '4', '1076', '4322', '4322', '4322', '1', '100', '100', '617'),
(5, '2023-11-09', '5', '1', '111A', '11202010', '7', '7', '0', '0', '0', '4', '762', '4', '762', '2830', '4322', '4322', '1', '65', '65', '617'),
(6, '2023-11-09', '5', '1', '114A', '11202010', '7', '7', '0', '0', '630', '4', '740', '4', '846', '3142', '4322', '4952', '1', '63', '64', '617'),
(7, '2023-11-09', '5', '1', '130A', '11214898', '7', '7', '0', '0', '0', '2', '1772', '2', '1772', '4396', '4322', '4322', '1', '100', '100', '617'),
(8, '2023-11-09', '5', '1', '138A', '11202010', '7', '7', '0', '0', '630', '4', '1052', '4', '1202', '4464', '4322', '4952', '1', '90', '90', '617'),
(9, '2023-11-09', '12', '1', '113A', '11214897', '7', '7', '0', '0', '0', '3', '508', '3', '508', '1321', '4322', '4322', '0', '31', '31', '617'),
(10, '2023-11-09', '12', '1', '117A', '11160742', '7', '7', '0', '0', '0', '3', '214', '3', '214', '556', '4322', '4322', '0', '13', '13', '617'),
(11, '2023-11-09', '2', '1', '115A', '11219207', '7', '7', '0', '0', '0', '3', '1640', '3', '1640', '4322', '4322', '4322', '1', '100', '100', '617'),
(12, '2023-11-09', '2', '1', '140A', '11160742', '7', '7', '0', '0', '0', '3', '1527', '3', '1527', '3971', '4322', '4322', '1', '92', '92', '617'),
(13, '2023-11-09', '11', '1', '139A', '11173458', '7', '7', '0', '0', '0', '4', '1074', '4', '1074', '4043', '4322', '4322', '1', '94', '94', '617'),
(14, '2023-11-09', '11', '1', '152A', '11229151', '7', '7', '0', '630', '630', '5', '693', '5', '693', '3672', '4322', '4322', '1', '85', '85', '617'),
(15, '2023-11-09', '11', '1', '167A', '11229151', '7', '7', '0', '0', '0', '5', '816', '5', '816', '4324', '4322', '4322', '1', '100', '100', '617'),
(16, '2023-11-09', '11', '1', '103A', '11202010', '7', '7', '0', '0', '0', '4', '1010', '4', '582', '2161', '4322', '4322', '1', '50', '50', '617'),
(17, '2023-11-09', '11', '1', '128A', '11160742', '7', '7', '0', '0', '0', '3', '1009', '3', '831', '2161', '4322', '4322', '0', '50', '50', '617'),
(18, '2023-11-09', '1', '1', '120A', '11173458', '7', '7', '0', '0', '0', '4', '1148', '4', '1148', '4321', '4322', '4322', '1', '100', '100', '617'),
(19, '2023-11-09', '1', '1', '122A', '11173458', '7', '6', '0', '0', '630', '4', '1038', '4', '1038', '3907', '3704', '4334', '1', '90', '90', '617'),
(20, '2023-11-09', '1', '1', '123A', '11173458', '7', '6', '0', '0', '630', '4', '1074', '4', '1074', '4043', '3704', '4334', '1', '93', '94', '617'),
(21, '2023-11-09', '1', '1', '143A', '11173458', '7', '7', '0', '0', '0', '4', '867', '4', '867', '3263', '4322', '4322', '1', '76', '76', '617'),
(22, '2023-11-09', '1', '1', '172A', '11173458', '7', '7', '0', '0', '0', '4', '1148', '4', '1148', '4321', '4322', '4322', '1', '100', '100', '617'),
(23, '2023-11-09', '6', '2', '101A', '070-23C110832', '29', '29', '0', '1260', '1260', '14', '516', '14', '516', '7470', '17905', '17905', '0', '42', '41', '617'),
(24, '2023-11-09', '8', '2', '121A', '070-21C98335', '28', '28', '0', '1260', '1260', '27', '198', '27', '198', '5265', '17287', '17287', '0', '30', '30', '617'),
(25, '2023-11-09', '4', '2', '148A', '670-14C01523', '8', '8', '0', '0', '0', '8', '440', '8', '440', '3458', '4939', '4939', '1', '70', '70', '617'),
(26, '2023-11-09', '4', '2', '168A', '14C02208R', '8', '8', '0', '630', '630', '7', '492', '7', '397', '2790', '4939', '4939', '1', '56', '57', '617'),
(27, '2023-11-09', '12', '2', '150A', '007-21C96563', '8', '8', '0', '0', '0', '4', '330', '4', '330', '1413', '4939', '4939', '0', '29', '30', '617'),
(28, '2023-11-09', '10', '2', '162A', '30826', '21', '21', '0', '630', '1260', '6', '799', '6', '799', '4690', '12965', '13595', '0', '34', '35', '617'),
(29, '2023-11-09', '2', '3', '133A', 'M111026', '17', '17', '0', '0', '630', '9', '817', '9', '816', '7450', '10496', '11126', '1', '67', '67', '617'),
(30, '2023-11-09', '4', '4', '107A', 'W-183', '16', '15', '0', '1890', '2520', '12', '398', '12', '398', '4685', '9261', '9891', '0', '47', '47', '617'),
(31, '2023-11-09', '7', '5', '110A', '9015', '21', '19', '0', '0', '630', '17', '241', '17', '256', '4416', '11731', '12361', '0', '36', '36', '617'),
(32, '2023-11-09', '15', '6', '141A', 'AMC0030', '21', '21', '0', '630', '1890', '17', '343', '17', '389', '6474', '12965', '14225', '0', '46', '46', '617'),
(33, '2023-11-09', '3', '7', '154A', 'AB3', '5', '4', '0', '0', '0', '5', '583', '5', '228', '1112', '2470', '2470', '0', '45', '45', '617'),
(34, '2023-11-09', '9', '7', '131A', 'LGA', '8', '8', '0', '0', '630', '7', '242', '7', '242', '1777', '4939', '5569', '0', '32', '32', '617'),
(35, '2023-11-09', '3', '7', '127A', 'FBA', '11', '11', '0', '0', '630', '12', '284', '12', '209', '2515', '6791', '7421', '0', '34', '34', '617'),
(36, '2023-11-09', '13', '8', '199A', 'NOM-ENTRENAMIENTO', '13', '13', '0', '0', '0', '13', '151', '13', '151', '2010', '8026', '8026', '0', '25', '25', '617'),
(37, '2023-11-09', ' ', '1', '198A', 'NOM-ENTRENAMIENTO', '27', '15', '0', '2520', '2520', '0', '0', '0', '1', '0', '9261', '9261', '0', '1', '0', '617'),
(38, '2023-11-09', '12', '10', '802A', 'NOM-ENTRENAMIENTO', '7', '7', '0', '0', '0', '0', '348', '0', '1', '0', '4322', '4322', '0', '1', '0', '617'),
(39, '2023-11-09', '16', '9', '830A', 'EMPAQUE', '15', '15', '0', '0', '0', '0', '0', '1', '7429', '6761', '9261', '9261', '1', '0', '0', '617');

-- --------------------------------------------------------

--
-- Estructura de tabla para la tabla `planeacion_diaria`
--

CREATE TABLE `planeacion_diaria` (
  `id` int(11) NOT NULL,
  `id_planeacion` varchar(50) DEFAULT NULL,
  `team_leader` varchar(50) DEFAULT NULL,
  `Modulo` varchar(50) DEFAULT NULL,
  `piezas` decimal(11,1) DEFAULT NULL,
  `efic` int(11) DEFAULT NULL,
  `min_producidos` int(11) DEFAULT NULL,
  `proyeccion_minutos` decimal(11,0) DEFAULT NULL,
  `efic_total` int(11) DEFAULT NULL,
  `created_at` datetime DEFAULT NULL,
  `updated_at` datetime DEFAULT NULL
) ENGINE=InnoDB DEFAULT CHARSET=utf8mb4;

--
-- Volcado de datos para la tabla `planeacion_diaria`
--

INSERT INTO `planeacion_diaria` (`id`, `id_planeacion`, `team_leader`, `Modulo`, `piezas`, `efic`, `min_producidos`, `proyeccion_minutos`, `efic_total`, `created_at`, `updated_at`) VALUES
(1, '1-ALEJANDRA', 'ALEJANDRA', '120A', '100.0', 91, 376, '3952', NULL, '2023-11-27 09:00:00', NULL),
(2, '2-ALEJANDRA', 'ALEJANDRA', '122A', '70.0', 64, 263, '2767', NULL, '2023-11-27 09:00:00', NULL),
(3, '3-ALEJANDRA', 'ALEJANDRA', '125A', '400.0', 60, 106, '1116', NULL, '2023-11-27 09:00:00', NULL),
(4, '4-ALEJANDRA', 'ALEJANDRA', '139A', '0.0', 0, 0, '0', NULL, '2023-11-27 09:00:00', NULL),
(5, '5-ALEJANDRA', 'ALEJANDRA', '143A', '60.0', 55, 226, '2371', NULL, '2023-11-27 09:00:00', NULL),
(6, '6-AMBAR', 'AMBAR', '105A', '0.0', 0, 0, '0', NULL, '2023-11-27 09:00:00', NULL),
(7, '7-AMBAR', 'AMBAR', '115A', '0.0', 0, 0, '0', NULL, '2023-11-27 09:00:00', NULL),
(8, '8-AMBAR', 'AMBAR', '133A', '100.0', 86, 965, '10130', NULL, '2023-11-27 09:00:00', NULL),
(9, '11-ANGELA', 'ANGELA', '154A', '10.0', 14, 33, '345', NULL, '2023-11-27 09:00:00', NULL),
(10, '10-ANGELA', 'ANGELA', '131A', '8.0', 12, 59, '617', NULL, '2023-11-27 09:00:00', NULL),
(11, '9-ANGELA', 'ANGELA', '127A', '5.0', 8, 60, '632', NULL, '2023-11-27 09:00:00', NULL),
(12, '12-ARACELI', 'ARACELI', '107A', '20.0', 19, 228, '2399', NULL, '2023-11-27 09:00:00', NULL),
(13, '13-ARACELI', 'ARACELI', '148A', '20.0', 27, 157, '1650', NULL, '2023-11-27 09:00:00', NULL),
(14, '14-ARACELI', 'ARACELI', '168A', '20.0', 30, 157, '1650', NULL, '2023-11-27 09:00:00', NULL),
(15, '15-DOMINGO', 'DOMINGO', '111A', '60.0', 54, 223, '2340', NULL, '2023-11-27 09:00:00', NULL),
(16, '16-DOMINGO', 'DOMINGO', '114A', '30.0', 27, 111, '1170', NULL, '2023-11-27 09:00:00', NULL),
(17, '17-DOMINGO', 'DOMINGO', '130A', '60.0', 38, 156, '1638', NULL, '2023-11-27 09:00:00', NULL),
(18, '18-DOMINGO', 'DOMINGO', '138A', '0.0', 0, 0, '0', NULL, '2023-11-27 09:00:00', NULL),
(19, '19-ELIAS', 'ELIAS', '101A', '0.0', 0, 0, '0', NULL, '2023-11-27 09:00:00', NULL),
(20, '22-ELVIA', 'ELVIA', '158A', '0.0', 0, 0, '0', NULL, '2023-11-27 09:00:00', NULL),
(21, '21-ELVIA', 'ELVIA', '123A', '60.0', 55, 226, '2371', NULL, '2023-11-27 09:00:00', NULL),
(22, '20-ELVIA', 'ELVIA', '110A', '10.0', 23, 170, '1786', NULL, '2023-11-27 09:00:00', NULL),
(23, '23-FAUSTINO', 'FAUSTINO', '121A', '15.0', 25, 395, '4152', NULL, '2023-11-27 09:00:00', NULL),
(24, '24-FRANCISCO', 'FRANCISCO', '118A', '70.0', 63, 260, '2730', NULL, '2023-11-27 09:00:00', NULL),
(25, '25-FRANCISCO', 'FRANCISCO', '140A', '120.0', 76, 312, '3276', NULL, '2023-11-27 09:00:00', NULL),
(26, '26-FRANCISCO', 'FRANCISCO', '172A', '105.0', 95, 390, '4094', NULL, '2023-11-27 09:00:00', NULL),
(27, '27-GUADALUPE', 'GUADALUPE', '147A', '60.0', 44, 156, '1638', NULL, '2023-11-27 09:00:00', NULL),
(28, '28-GUADALUPE', 'GUADALUPE', '162A', '60.0', 38, 156, '1638', NULL, '2023-11-27 09:00:00', NULL),
(29, '32-HEIDI', 'HEIDI', '167A', '130.0', 82, 338, '3549', NULL, '2023-11-27 09:00:00', NULL),
(30, '31-HEIDI', 'HEIDI', '152A', '60.0', 77, 318, '3339', NULL, '2023-11-27 09:00:00', NULL),
(31, '30-HEIDI', 'HEIDI', '128A', '60.0', 73, 257, '2697', NULL, '2023-11-27 09:00:00', NULL),
(32, '29-HEIDI', 'HEIDI', '103A', '0.0', 0, 0, '0', NULL, '2023-11-27 09:00:00', NULL),
(33, '33-J.CARLOS', 'J.CARLOS', '113A', '60.0', 38, 156, '1638', NULL, '2023-11-27 09:00:00', NULL),
(34, '34-J.CARLOS', 'J.CARLOS', '117A', '58.0', 37, 151, '1584', NULL, '2023-11-27 09:00:00', NULL),
(35, '35-J.CARLOS', 'J.CARLOS', '124A', '28.0', 18, 73, '764', NULL, '2023-11-27 09:00:00', NULL),
(36, '36-J.CARLOS', 'J.CARLOS', '150A', '0.0', 0, 0, '0', NULL, '2023-11-27 09:00:00', NULL),
(37, '37-LORENA', 'LORENA', '199A', '0.0', 0, 0, '0', NULL, '2023-11-27 09:00:00', NULL),
(38, '38-NOE', 'NOE', '141A', '20.0', 23, 333, '3495', NULL, '2023-11-27 09:00:00', NULL),
(39, '39-RAYMUNDO', 'RAYMUNDO', '151A', '20.0', 39, 69, '727', NULL, '2023-11-27 09:00:00', NULL),
(40, '40-RAYMUNDO', 'RAYMUNDO', '830A', '690.1', 82, 628, '6594', NULL, '2023-11-27 09:00:00', NULL),
(41, '1-ALEJANDRA', 'ALEJANDRA', '120A', '200.0', 91, 753, '3952', NULL, NULL, '2023-11-27 10:00:00'),
(42, '2-ALEJANDRA', 'ALEJANDRA', '122A', '120.0', 55, 452, '2371', NULL, NULL, '2023-11-27 10:00:00'),
(43, '3-ALEJANDRA', 'ALEJANDRA', '125A', '760.0', 57, 202, '1061', NULL, NULL, '2023-11-27 10:00:00'),
(44, '4-ALEJANDRA', 'ALEJANDRA', '139A', '120.0', 55, 452, '2371', NULL, NULL, '2023-11-27 10:00:00'),
(45, '5-ALEJANDRA', 'ALEJANDRA', '143A', '120.0', 55, 452, '2371', NULL, NULL, '2023-11-27 10:00:00'),
(46, '6-AMBAR', 'AMBAR', '105A', '25.0', 51, 241, '1266', NULL, NULL, '2023-11-27 10:00:00'),
(47, '7-AMBAR', 'AMBAR', '115A', '120.0', 38, 316, '1660', NULL, NULL, '2023-11-27 10:00:00'),
(48, '8-AMBAR', 'AMBAR', '133A', '185.0', 79, 1785, '9370', NULL, NULL, '2023-11-27 10:00:00'),
(49, '11-ANGELA', 'ANGELA', '154A', '44.0', 31, 144, '758', NULL, NULL, '2023-11-27 10:00:00'),
(50, '10-ANGELA', 'ANGELA', '131A', '16.0', 12, 118, '617', NULL, NULL, '2023-11-27 10:00:00'),
(51, '9-ANGELA', 'ANGELA', '127A', '10.0', 8, 120, '632', NULL, NULL, '2023-11-27 10:00:00'),
(52, '12-ARACELI', 'ARACELI', '107A', '60.0', 29, 685, '3599', NULL, NULL, '2023-11-27 10:00:00'),
(53, '13-ARACELI', 'ARACELI', '148A', '60.0', 40, 471, '2475', NULL, NULL, '2023-11-27 10:00:00'),
(54, '14-ARACELI', 'ARACELI', '168A', '60.0', 44, 471, '2475', NULL, NULL, '2023-11-27 10:00:00'),
(55, '15-DOMINGO', 'DOMINGO', '111A', '120.0', 54, 446, '2340', NULL, NULL, '2023-11-27 10:00:00'),
(56, '16-DOMINGO', 'DOMINGO', '114A', '60.0', 27, 223, '1170', NULL, NULL, '2023-11-27 10:00:00'),
(57, '17-DOMINGO', 'DOMINGO', '130A', '120.0', 38, 312, '1638', NULL, NULL, '2023-11-27 10:00:00'),
(58, '18-DOMINGO', 'DOMINGO', '138A', '95.0', 43, 353, '1852', NULL, NULL, '2023-11-27 10:00:00'),
(59, '19-ELIAS', 'ELIAS', '101A', '20.0', 18, 643, '3375', NULL, NULL, '2023-11-27 10:00:00'),
(60, '22-ELVIA', 'ELVIA', '158A', '0.0', 0, 0, '0', NULL, NULL, '2023-11-27 10:00:00'),
(61, '21-ELVIA', 'ELVIA', '123A', '150.0', 68, 565, '2964', NULL, NULL, '2023-11-27 10:00:00'),
(62, '20-ELVIA', 'ELVIA', '110A', '40.0', 46, 680, '3572', NULL, NULL, '2023-11-27 10:00:00'),
(63, '23-FAUSTINO', 'FAUSTINO', '121A', '30.0', 25, 791, '4152', NULL, NULL, '2023-11-27 10:00:00'),
(64, '24-FRANCISCO', 'FRANCISCO', '118A', '140.0', 63, 520, '2730', NULL, NULL, '2023-11-27 10:00:00'),
(65, '25-FRANCISCO', 'FRANCISCO', '140A', '260.0', 82, 676, '3549', NULL, NULL, '2023-11-27 10:00:00'),
(66, '26-FRANCISCO', 'FRANCISCO', '172A', '240.0', 108, 891, '4679', NULL, NULL, '2023-11-27 10:00:00'),
(67, '27-GUADALUPE', 'GUADALUPE', '147A', '138.0', 51, 359, '1884', NULL, NULL, '2023-11-27 10:00:00'),
(68, '28-GUADALUPE', 'GUADALUPE', '162A', '160.0', 51, 416, '2184', NULL, NULL, '2023-11-27 10:00:00'),
(69, '32-HEIDI', 'HEIDI', '167A', '260.0', 82, 676, '3549', NULL, NULL, '2023-11-27 10:00:00'),
(70, '31-HEIDI', 'HEIDI', '152A', '120.0', 77, 636, '3339', NULL, NULL, '2023-11-27 10:00:00'),
(71, '30-HEIDI', 'HEIDI', '128A', '100.0', 60, 428, '2248', NULL, NULL, '2023-11-27 10:00:00'),
(72, '29-HEIDI', 'HEIDI', '103A', '60.0', 36, 257, '1349', NULL, NULL, '2023-11-27 10:00:00'),
(73, '33-J.CARLOS', 'J.CARLOS', '113A', '140.0', 44, 364, '1911', NULL, NULL, '2023-11-27 10:00:00'),
(74, '34-J.CARLOS', 'J.CARLOS', '117A', '116.0', 37, 302, '1584', NULL, NULL, '2023-11-27 10:00:00'),
(75, '35-J.CARLOS', 'J.CARLOS', '124A', '56.0', 18, 146, '764', NULL, NULL, '2023-11-27 10:00:00'),
(76, '36-J.CARLOS', 'J.CARLOS', '150A', '40.0', 21, 171, '899', NULL, NULL, '2023-11-27 10:00:00'),
(77, '37-LORENA', 'LORENA', '199A', '0.0', 0, 0, '0', NULL, NULL, '2023-11-27 10:00:00'),
(78, '38-NOE', 'NOE', '141A', '40.0', 23, 666, '3495', NULL, NULL, '2023-11-27 10:00:00'),
(79, '39-RAYMUNDO', 'RAYMUNDO', '151A', '40.0', 39, 139, '727', NULL, NULL, '2023-11-27 10:00:00'),
(80, '40-RAYMUNDO', 'RAYMUNDO', '830A', '1378.0', 82, 1254, '6584', NULL, NULL, '2023-11-27 10:00:00'),
(121, '1-ALEJANDRA', 'ALEJANDRA', '120A', '200.0', 61, 753, '2635', NULL, NULL, '2023-11-27 11:00:00'),
(122, '2-ALEJANDRA', 'ALEJANDRA', '122A', '140.0', 43, 527, '1844', NULL, NULL, '2023-11-27 11:00:00'),
(123, '3-ALEJANDRA', 'ALEJANDRA', '125A', '1236.0', 62, 329, '1150', NULL, NULL, '2023-11-27 11:00:00'),
(124, '4-ALEJANDRA', 'ALEJANDRA', '139A', '210.0', 64, 790, '2767', NULL, NULL, '2023-11-27 11:00:00'),
(125, '5-ALEJANDRA', 'ALEJANDRA', '143A', '180.0', 55, 678, '2371', NULL, NULL, '2023-11-27 11:00:00'),
(126, '6-AMBAR', 'AMBAR', '105A', '30.0', 41, 289, '1013', NULL, NULL, '2023-11-27 11:00:00'),
(127, '7-AMBAR', 'AMBAR', '115A', '300.0', 64, 791, '2767', NULL, NULL, '2023-11-27 11:00:00'),
(128, '8-AMBAR', 'AMBAR', '133A', '265.0', 76, 2557, '8948', NULL, NULL, '2023-11-27 11:00:00'),
(129, '11-ANGELA', 'ANGELA', '154A', '48.0', 22, 158, '552', NULL, NULL, '2023-11-27 11:00:00'),
(130, '10-ANGELA', 'ANGELA', '131A', '30.0', 16, 220, '771', NULL, NULL, '2023-11-27 11:00:00'),
(131, '9-ANGELA', 'ANGELA', '127A', '12.0', 6, 144, '505', NULL, NULL, '2023-11-27 11:00:00'),
(132, '12-ARACELI', 'ARACELI', '107A', '43.0', 14, 491, '1719', NULL, NULL, '2023-11-27 11:00:00'),
(133, '13-ARACELI', 'ARACELI', '148A', '106.0', 47, 833, '2915', NULL, NULL, '2023-11-27 11:00:00'),
(134, '14-ARACELI', 'ARACELI', '168A', '80.0', 40, 629, '2200', NULL, NULL, '2023-11-27 11:00:00'),
(135, '15-DOMINGO', 'DOMINGO', '111A', '240.0', 72, 891, '3120', NULL, NULL, '2023-11-27 11:00:00'),
(136, '16-DOMINGO', 'DOMINGO', '114A', '150.0', 45, 557, '1950', NULL, NULL, '2023-11-27 11:00:00'),
(137, '17-DOMINGO', 'DOMINGO', '130A', '360.0', 76, 936, '3276', NULL, NULL, '2023-11-27 11:00:00'),
(138, '18-DOMINGO', 'DOMINGO', '138A', '220.0', 66, 817, '2860', NULL, NULL, '2023-11-27 11:00:00'),
(139, '19-ELIAS', 'ELIAS', '101A', '30.0', 18, 964, '3375', NULL, NULL, '2023-11-27 11:00:00'),
(140, '22-ELVIA', 'ELVIA', '158A', '6.0', 5, 64, '223', NULL, NULL, '2023-11-27 11:00:00'),
(141, '21-ELVIA', 'ELVIA', '123A', '180.0', 55, 678, '2371', NULL, NULL, '2023-11-27 11:00:00'),
(142, '20-ELVIA', 'ELVIA', '110A', '30.0', 23, 510, '1786', NULL, NULL, '2023-11-27 11:00:00'),
(143, '23-FAUSTINO', 'FAUSTINO', '121A', '50.0', 28, 1318, '4613', NULL, NULL, '2023-11-27 11:00:00'),
(144, '24-FRANCISCO', 'FRANCISCO', '118A', '240.0', 72, 891, '3120', NULL, NULL, '2023-11-27 11:00:00'),
(145, '25-FRANCISCO', 'FRANCISCO', '140A', '420.0', 88, 1092, '3822', NULL, NULL, '2023-11-27 11:00:00'),
(146, '26-FRANCISCO', 'FRANCISCO', '172A', '380.0', 114, 1411, '4939', NULL, NULL, '2023-11-27 11:00:00'),
(147, '27-GUADALUPE', 'GUADALUPE', '147A', '228.0', 56, 593, '2075', NULL, NULL, '2023-11-27 11:00:00'),
(148, '28-GUADALUPE', 'GUADALUPE', '162A', '260.0', 55, 676, '2366', NULL, NULL, '2023-11-27 11:00:00'),
(149, '32-HEIDI', 'HEIDI', '167A', '420.0', 88, 1092, '3822', NULL, NULL, '2023-11-27 11:00:00'),
(150, '31-HEIDI', 'HEIDI', '152A', '210.0', 90, 1113, '3895', NULL, NULL, '2023-11-27 11:00:00'),
(151, '30-HEIDI', 'HEIDI', '128A', '160.0', 65, 685, '2398', NULL, NULL, '2023-11-27 11:00:00'),
(152, '29-HEIDI', 'HEIDI', '103A', '80.0', 32, 343, '1199', NULL, NULL, '2023-11-27 11:00:00'),
(153, '33-J.CARLOS', 'J.CARLOS', '113A', '210.0', 44, 546, '1911', NULL, NULL, '2023-11-27 11:00:00'),
(154, '34-J.CARLOS', 'J.CARLOS', '117A', '177.0', 37, 460, '1611', NULL, NULL, '2023-11-27 11:00:00'),
(155, '35-J.CARLOS', 'J.CARLOS', '124A', '84.0', 18, 218, '764', NULL, NULL, '2023-11-27 11:00:00'),
(156, '36-J.CARLOS', 'J.CARLOS', '150A', '60.0', 21, 257, '899', NULL, NULL, '2023-11-27 11:00:00'),
(157, '37-LORENA', 'LORENA', '199A', '0.0', 0, 0, '0', NULL, NULL, '2023-11-27 11:00:00'),
(158, '38-NOE', 'NOE', '141A', '60.0', 23, 999, '3495', NULL, NULL, '2023-11-27 11:00:00'),
(159, '39-RAYMUNDO', 'RAYMUNDO', '151A', '60.0', 39, 208, '727', NULL, NULL, '2023-11-27 11:00:00'),
(160, '40-RAYMUNDO', 'RAYMUNDO', '830A', '2215.4', 88, 2016, '7056', NULL, NULL, '2023-11-27 11:00:00'),
(161, '1-ALEJANDRA', 'ALEJANDRA', '120A', '390.0', 89, 1468, '3853', NULL, NULL, '2023-11-27 12:00:00'),
(162, '2-ALEJANDRA', 'ALEJANDRA', '122A', '220.0', 50, 828, '2174', NULL, NULL, '2023-11-27 12:00:00'),
(163, '3-ALEJANDRA', 'ALEJANDRA', '125A', '2004.0', 75, 533, '1398', NULL, NULL, '2023-11-27 12:00:00'),
(164, '4-ALEJANDRA', 'ALEJANDRA', '139A', '300.0', 69, 1129, '2964', NULL, NULL, '2023-11-27 12:00:00'),
(165, '5-ALEJANDRA', 'ALEJANDRA', '143A', '270.0', 62, 1016, '2668', NULL, NULL, '2023-11-27 12:00:00'),
(166, '6-AMBAR', 'AMBAR', '105A', '45.0', 46, 434, '1140', NULL, NULL, '2023-11-27 12:00:00'),
(167, '7-AMBAR', 'AMBAR', '115A', '410.0', 66, 1080, '2836', NULL, NULL, '2023-11-27 12:00:00'),
(168, '8-AMBAR', 'AMBAR', '133A', '343.0', 74, 3309, '8686', NULL, NULL, '2023-11-27 12:00:00'),
(169, '11-ANGELA', 'ANGELA', '154A', '55.0', 19, 181, '474', NULL, NULL, '2023-11-27 12:00:00'),
(170, '10-ANGELA', 'ANGELA', '131A', '40.0', 16, 294, '771', NULL, NULL, '2023-11-27 12:00:00'),
(171, '9-ANGELA', 'ANGELA', '127A', '20.0', 8, 241, '632', NULL, NULL, '2023-11-27 12:00:00'),
(172, '12-ARACELI', 'ARACELI', '107A', '133.0', 32, 1519, '3988', NULL, NULL, '2023-11-27 12:00:00'),
(173, '13-ARACELI', 'ARACELI', '148A', '126.0', 42, 990, '2599', NULL, NULL, '2023-11-27 12:00:00'),
(174, '14-ARACELI', 'ARACELI', '168A', '100.0', 37, 786, '2063', NULL, NULL, '2023-11-27 12:00:00'),
(175, '15-DOMINGO', 'DOMINGO', '111A', '270.0', 61, 1003, '2632', NULL, NULL, '2023-11-27 12:00:00'),
(176, '16-DOMINGO', 'DOMINGO', '114A', '210.0', 47, 780, '2047', NULL, NULL, '2023-11-27 12:00:00'),
(177, '17-DOMINGO', 'DOMINGO', '130A', '510.0', 81, 1326, '3481', NULL, NULL, '2023-11-27 12:00:00'),
(178, '18-DOMINGO', 'DOMINGO', '138A', '290.0', 65, 1077, '2827', NULL, NULL, '2023-11-27 12:00:00'),
(179, '19-ELIAS', 'ELIAS', '101A', '50.0', 23, 1607, '4218', NULL, NULL, '2023-11-27 12:00:00'),
(180, '22-ELVIA', 'ELVIA', '158A', '15.0', 8, 159, '417', NULL, NULL, '2023-11-27 12:00:00'),
(181, '21-ELVIA', 'ELVIA', '123A', '330.0', 75, 1242, '3261', NULL, NULL, '2023-11-27 12:00:00'),
(182, '20-ELVIA', 'ELVIA', '110A', '42.0', 24, 714, '1875', NULL, NULL, '2023-11-27 12:00:00'),
(183, '23-FAUSTINO', 'FAUSTINO', '121A', '65.0', 27, 1713, '4498', NULL, NULL, '2023-11-27 12:00:00'),
(184, '24-FRANCISCO', 'FRANCISCO', '118A', '300.0', 68, 1114, '2925', NULL, NULL, '2023-11-27 12:00:00'),
(185, '25-FRANCISCO', 'FRANCISCO', '140A', '540.0', 85, 1404, '3686', NULL, NULL, '2023-11-27 12:00:00'),
(186, '26-FRANCISCO', 'FRANCISCO', '172A', '510.0', 115, 1894, '4972', NULL, NULL, '2023-11-27 12:00:00'),
(187, '27-GUADALUPE', 'GUADALUPE', '147A', '318.0', 59, 827, '2171', NULL, NULL, '2023-11-27 12:00:00'),
(188, '28-GUADALUPE', 'GUADALUPE', '162A', '350.0', 55, 910, '2389', NULL, NULL, '2023-11-27 12:00:00'),
(189, '32-HEIDI', 'HEIDI', '167A', '510.0', 81, 1326, '3481', NULL, NULL, '2023-11-27 12:00:00'),
(190, '31-HEIDI', 'HEIDI', '152A', '240.0', 77, 1272, '3339', NULL, NULL, '2023-11-27 12:00:00'),
(191, '30-HEIDI', 'HEIDI', '128A', '186.0', 56, 796, '2090', NULL, NULL, '2023-11-27 12:00:00'),
(192, '29-HEIDI', 'HEIDI', '103A', '140.0', 42, 599, '1573', NULL, NULL, '2023-11-27 12:00:00'),
(193, '33-J.CARLOS', 'J.CARLOS', '113A', '290.0', 46, 754, '1979', NULL, NULL, '2023-11-27 12:00:00'),
(194, '34-J.CARLOS', 'J.CARLOS', '117A', '230.0', 36, 598, '1570', NULL, NULL, '2023-11-27 12:00:00'),
(195, '35-J.CARLOS', 'J.CARLOS', '124A', '100.0', 16, 260, '683', NULL, NULL, '2023-11-27 12:00:00'),
(196, '36-J.CARLOS', 'J.CARLOS', '150A', '100.0', 26, 428, '1124', NULL, NULL, '2023-11-27 12:00:00'),
(197, '37-LORENA', 'LORENA', '199A', '0.0', 0, 0, '0', NULL, NULL, '2023-11-27 12:00:00'),
(198, '38-NOE', 'NOE', '141A', '80.0', 23, 1331, '3495', NULL, NULL, '2023-11-27 12:00:00'),
(199, '39-RAYMUNDO', 'RAYMUNDO', '151A', '80.0', 39, 277, '727', NULL, NULL, '2023-11-27 12:00:00'),
(200, '40-RAYMUNDO', 'RAYMUNDO', '830A', '2886.8', 86, 2627, '6896', NULL, NULL, '2023-11-27 12:00:00'),
(241, '1-ALEJANDRA', 'ALEJANDRA', '120A', '460.0', 84, 1731, '3636', 84, NULL, '2023-11-27 13:00:00'),
(242, '2-ALEJANDRA', 'ALEJANDRA', '122A', '290.0', 53, 1092, '2292', 68, NULL, '2023-11-27 13:00:00'),
(243, '3-ALEJANDRA', 'ALEJANDRA', '125A', '2309.0', 70, 614, '1289', 69, NULL, '2023-11-27 13:00:00'),
(244, '4-ALEJANDRA', 'ALEJANDRA', '139A', '360.0', 66, 1355, '2846', 68, NULL, '2023-11-27 13:00:00'),
(245, '5-ALEJANDRA', 'ALEJANDRA', '143A', '330.0', 60, 1242, '2608', 66, NULL, '2023-11-27 13:00:00'),
(246, '6-AMBAR', 'AMBAR', '105A', '55.0', 45, 531, '1114', 64, NULL, '2023-11-27 13:00:00'),
(247, '7-AMBAR', 'AMBAR', '115A', '530.0', 68, 1397, '2933', 64, NULL, '2023-11-27 13:00:00'),
(248, '8-AMBAR', 'AMBAR', '133A', '175.0', 30, 1688, '3545', 54, NULL, '2023-11-27 13:00:00'),
(249, '11-ANGELA', 'ANGELA', '154A', '72.0', 20, 236, '496', 52, NULL, '2023-11-27 13:00:00'),
(250, '10-ANGELA', 'ANGELA', '131A', '52.0', 16, 382, '802', 48, NULL, '2023-11-27 13:00:00'),
(251, '9-ANGELA', 'ANGELA', '127A', '25.0', 8, 301, '632', 42, NULL, '2023-11-27 13:00:00'),
(252, '12-ARACELI', 'ARACELI', '107A', '175.0', 34, 1999, '4198', 40, NULL, '2023-11-27 13:00:00'),
(253, '13-ARACELI', 'ARACELI', '148A', '166.0', 44, 1304, '2739', 41, NULL, '2023-11-27 13:00:00'),
(254, '14-ARACELI', 'ARACELI', '168A', '130.0', 39, 1022, '2145', 40, NULL, '2023-11-27 13:00:00'),
(255, '15-DOMINGO', 'DOMINGO', '111A', '360.0', 65, 1337, '2808', 42, NULL, '2023-11-27 13:00:00'),
(256, '16-DOMINGO', 'DOMINGO', '114A', '240.0', 43, 891, '1872', 42, NULL, '2023-11-27 13:00:00'),
(257, '17-DOMINGO', 'DOMINGO', '130A', '630.0', 80, 1638, '3440', 44, NULL, '2023-11-27 13:00:00'),
(258, '18-DOMINGO', 'DOMINGO', '138A', '360.0', 65, 1337, '2808', 45, NULL, '2023-11-27 13:00:00'),
(259, '19-ELIAS', 'ELIAS', '101A', '60.0', 22, 1928, '4050', 41, NULL, '2023-11-27 13:00:00'),
(260, '22-ELVIA', 'ELVIA', '158A', '20.0', 9, 212, '445', 40, NULL, '2023-11-27 13:00:00'),
(261, '21-ELVIA', 'ELVIA', '123A', '420.0', 77, 1581, '3320', 41, NULL, '2023-11-27 13:00:00'),
(262, '20-ELVIA', 'ELVIA', '110A', '42.0', 19, 714, '1500', 40, NULL, '2023-11-27 13:00:00'),
(263, '23-FAUSTINO', 'FAUSTINO', '121A', '80.0', 27, 2109, '4428', 38, NULL, '2023-11-27 13:00:00'),
(264, '24-FRANCISCO', 'FRANCISCO', '118A', '330.0', 60, 1226, '2574', 39, NULL, '2023-11-27 13:00:00'),
(265, '25-FRANCISCO', 'FRANCISCO', '140A', '600.0', 76, 1560, '3276', 40, NULL, '2023-11-27 13:00:00'),
(266, '26-FRANCISCO', 'FRANCISCO', '172A', '570.0', 103, 2117, '4445', 41, NULL, '2023-11-27 13:00:00'),
(267, '27-GUADALUPE', 'GUADALUPE', '147A', '384.0', 57, 998, '2097', 42, NULL, '2023-11-27 13:00:00'),
(268, '28-GUADALUPE', 'GUADALUPE', '162A', '420.0', 53, 1092, '2293', 42, NULL, '2023-11-27 13:00:00'),
(269, '32-HEIDI', 'HEIDI', '167A', '630.0', 80, 1638, '3440', 43, NULL, '2023-11-27 13:00:00'),
(270, '31-HEIDI', 'HEIDI', '152A', '300.0', 77, 1590, '3339', 44, NULL, '2023-11-27 13:00:00'),
(271, '30-HEIDI', 'HEIDI', '128A', '206.0', 50, 882, '1852', 44, NULL, '2023-11-27 13:00:00'),
(272, '29-HEIDI', 'HEIDI', '103A', '160.0', 39, 685, '1439', 44, NULL, '2023-11-27 13:00:00'),
(273, '33-J.CARLOS', 'J.CARLOS', '113A', '370.0', 47, 962, '2020', 44, NULL, '2023-11-27 13:00:00'),
(274, '34-J.CARLOS', 'J.CARLOS', '117A', '269.0', 34, 699, '1469', 44, NULL, '2023-11-27 13:00:00'),
(275, '35-J.CARLOS', 'J.CARLOS', '124A', '120.0', 15, 312, '655', 43, NULL, '2023-11-27 13:00:00'),
(276, '36-J.CARLOS', 'J.CARLOS', '150A', '110.0', 23, 471, '989', 43, NULL, '2023-11-27 13:00:00'),
(277, '37-LORENA', 'LORENA', '199A', '0.0', 0, 0, '0', 41, NULL, '2023-11-27 13:00:00'),
(278, '38-NOE', 'NOE', '141A', '100.0', 23, 1664, '3495', 40, NULL, '2023-11-27 13:00:00'),
(279, '39-RAYMUNDO', 'RAYMUNDO', '151A', '100.0', 39, 346, '727', 40, NULL, '2023-11-27 13:00:00'),
(280, '40-RAYMUNDO', 'RAYMUNDO', '830A', '3539.6', 84, 3221, '6764', 41, NULL, '2023-11-27 13:00:00'),
(287, '1-ALEJANDRA', 'ALEJANDRA', '120A', '2055.0', 341, 7735, '14767', 341, NULL, '2023-11-27 14:00:00'),
(288, '2-ALEJANDRA', 'ALEJANDRA', '122A', '360.0', 60, 1355, '2587', 200, NULL, '2023-11-27 14:00:00'),
(289, '3-ALEJANDRA', 'ALEJANDRA', '125A', '2309.0', 63, 614, '1172', 176, NULL, '2023-11-27 14:00:00'),
(290, '4-ALEJANDRA', 'ALEJANDRA', '139A', '480.0', 80, 1807, '3449', 148, NULL, '2023-11-27 14:00:00'),
(291, '5-ALEJANDRA', 'ALEJANDRA', '143A', '420.0', 70, 1581, '3018', 130, NULL, '2023-11-27 14:00:00'),
(292, '6-AMBAR', 'AMBAR', '105A', '65.0', 48, 627, '1197', 121, NULL, '2023-11-27 14:00:00'),
(293, '7-AMBAR', 'AMBAR', '115A', '590.0', 69, 1555, '2968', 112, NULL, '2023-11-27 14:00:00'),
(294, '8-AMBAR', 'AMBAR', '133A', '424.0', 66, 4091, '7809', 98, NULL, '2023-11-27 14:00:00'),
(295, '11-ANGELA', 'ANGELA', '154A', '96.0', 24, 315, '602', 93, NULL, '2023-11-27 14:00:00'),
(296, '10-ANGELA', 'ANGELA', '131A', '60.0', 17, 441, '841', 85, NULL, '2023-11-27 14:00:00'),
(297, '9-ANGELA', 'ANGELA', '127A', '30.0', 9, 361, '689', 74, NULL, '2023-11-27 14:00:00'),
(298, '12-ARACELI', 'ARACELI', '107A', '193.0', 34, 2205, '4209', 66, NULL, '2023-11-27 14:00:00'),
(299, '13-ARACELI', 'ARACELI', '148A', '186.0', 45, 1462, '2790', 64, NULL, '2023-11-27 14:00:00'),
(300, '14-ARACELI', 'ARACELI', '168A', '170.0', 46, 1336, '2550', 63, NULL, '2023-11-27 14:00:00'),
(301, '15-DOMINGO', 'DOMINGO', '111A', '420.0', 69, 1560, '2978', 63, NULL, '2023-11-27 14:00:00'),
(302, '16-DOMINGO', 'DOMINGO', '114A', '300.0', 49, 1114, '2127', 63, NULL, '2023-11-27 14:00:00'),
(303, '17-DOMINGO', 'DOMINGO', '130A', '390.0', 45, 1014, '1936', 62, NULL, '2023-11-27 14:00:00'),
(304, '18-DOMINGO', 'DOMINGO', '138A', '420.0', 69, 1560, '2978', 62, NULL, '2023-11-27 14:00:00'),
(305, '19-ELIAS', 'ELIAS', '101A', '70.0', 23, 2250, '4295', 56, NULL, '2023-11-27 14:00:00'),
(306, '22-ELVIA', 'ELVIA', '158A', '25.0', 10, 265, '506', 54, NULL, '2023-11-27 14:00:00'),
(307, '21-ELVIA', 'ELVIA', '123A', '480.0', 80, 1807, '3449', 55, NULL, '2023-11-27 14:00:00'),
(308, '20-ELVIA', 'ELVIA', '110A', '42.0', 17, 714, '1364', 52, NULL, '2023-11-27 14:00:00'),
(309, '23-FAUSTINO', 'FAUSTINO', '121A', '90.0', 27, 2372, '4529', 50, NULL, '2023-11-27 14:00:00'),
(310, '24-FRANCISCO', 'FRANCISCO', '118A', '390.0', 64, 1448, '2765', 50, NULL, '2023-11-27 14:00:00'),
(311, '25-FRANCISCO', 'FRANCISCO', '140A', '630.0', 72, 1638, '3127', 51, NULL, '2023-11-27 14:00:00'),
(312, '26-FRANCISCO', 'FRANCISCO', '172A', '630.0', 103, 2340, '4467', 52, NULL, '2023-11-27 14:00:00'),
(313, '27-GUADALUPE', 'GUADALUPE', '147A', '518.0', 69, 1347, '2571', 52, NULL, '2023-11-27 14:00:00'),
(314, '28-GUADALUPE', 'GUADALUPE', '162A', '520.0', 60, 1352, '2581', 53, NULL, '2023-11-27 14:00:00'),
(315, '32-HEIDI', 'HEIDI', '167A', '780.0', 90, 2028, '3872', 54, NULL, '2023-11-27 14:00:00'),
(316, '31-HEIDI', 'HEIDI', '152A', '550.0', 129, 2915, '5564', 55, NULL, '2023-11-27 14:00:00'),
(317, '30-HEIDI', 'HEIDI', '128A', '249.0', 55, 1066, '2035', 55, NULL, '2023-11-27 14:00:00'),
(318, '29-HEIDI', 'HEIDI', '103A', '220.0', 49, 942, '1798', 55, NULL, '2023-11-27 14:00:00'),
(319, '33-J.CARLOS', 'J.CARLOS', '113A', '450.0', 52, 1170, '2234', 55, NULL, '2023-11-27 14:00:00'),
(320, '34-J.CARLOS', 'J.CARLOS', '117A', '323.0', 37, 840, '1603', 55, NULL, '2023-11-27 14:00:00'),
(321, '35-J.CARLOS', 'J.CARLOS', '124A', '150.0', 17, 390, '745', 54, NULL, '2023-11-27 14:00:00'),
(322, '36-J.CARLOS', 'J.CARLOS', '150A', '140.0', 26, 599, '1144', 53, NULL, '2023-11-27 14:00:00'),
(323, '37-LORENA', 'LORENA', '199A', '40.0', 10, 451, '862', 52, NULL, '2023-11-27 14:00:00'),
(324, '38-NOE', 'NOE', '141A', '120.0', 25, 1997, '3813', 50, NULL, '2023-11-27 14:00:00'),
(325, '39-RAYMUNDO', 'RAYMUNDO', '151A', '120.0', 43, 416, '794', 50, NULL, '2023-11-27 14:00:00'),
(326, '40-RAYMUNDO', 'RAYMUNDO', '830A', '4254.9', 92, 3872, '7392', 51, NULL, '2023-11-27 14:00:00'),
(327, '1-ALEJANDRA', 'ALEJANDRA', '120A', '606.0', 74, 2281, '3193', 74, NULL, '2023-11-27 15:00:00'),
(328, '2-ALEJANDRA', 'ALEJANDRA', '122A', '440.0', 54, 1656, '2319', 64, NULL, '2023-11-27 15:00:00'),
(329, '3-ALEJANDRA', 'ALEJANDRA', '125A', '3974.0', 80, 1056, '1479', 67, NULL, '2023-11-27 15:00:00'),
(330, '4-ALEJANDRA', 'ALEJANDRA', '139A', '520.0', 63, 1957, '2740', 66, NULL, '2023-11-27 15:00:00'),
(331, '5-ALEJANDRA', 'ALEJANDRA', '143A', '480.0', 59, 1807, '2529', 64, NULL, '2023-11-27 15:00:00'),
(332, '6-AMBAR', 'AMBAR', '105A', '75.0', 41, 724, '1013', 61, NULL, '2023-11-27 15:00:00'),
(333, '7-AMBAR', 'AMBAR', '115A', '720.0', 61, 1897, '2656', 61, NULL, '2023-11-27 15:00:00'),
(334, '8-AMBAR', 'AMBAR', '133A', '584.0', 67, 5634, '7888', 63, NULL, '2023-11-27 15:00:00'),
(335, '11-ANGELA', 'ANGELA', '154A', '100.0', 19, 328, '460', 60, NULL, '2023-11-27 15:00:00'),
(336, '10-ANGELA', 'ANGELA', '131A', '140.0', 29, 1028, '1440', 57, NULL, '2023-11-27 15:00:00'),
(337, '9-ANGELA', 'ANGELA', '127A', '35.0', 7, 421, '590', 49, NULL, '2023-11-27 15:00:00'),
(338, '12-ARACELI', 'ARACELI', '107A', '213.0', 28, 2433, '3407', 45, NULL, '2023-11-27 15:00:00'),
(339, '13-ARACELI', 'ARACELI', '148A', '206.0', 37, 1619, '2266', 45, NULL, '2023-11-27 15:00:00'),
(340, '14-ARACELI', 'ARACELI', '168A', '190.0', 38, 1493, '2090', 44, NULL, '2023-11-27 15:00:00'),
(341, '15-DOMINGO', 'DOMINGO', '111A', '450.0', 54, 1671, '2340', 45, NULL, '2023-11-27 15:00:00'),
(342, '16-DOMINGO', 'DOMINGO', '114A', '330.0', 40, 1226, '1716', 44, NULL, '2023-11-27 15:00:00'),
(343, '17-DOMINGO', 'DOMINGO', '130A', '900.0', 76, 2340, '3276', 46, NULL, '2023-11-27 15:00:00'),
(344, '18-DOMINGO', 'DOMINGO', '138A', '540.0', 65, 2005, '2808', 47, NULL, '2023-11-27 15:00:00'),
(345, '19-ELIAS', 'ELIAS', '101A', '80.0', 19, 2571, '3600', 42, NULL, '2023-11-27 15:00:00'),
(346, '22-ELVIA', 'ELVIA', '158A', '30.0', 9, 318, '445', 41, NULL, '2023-11-27 15:00:00'),
(347, '21-ELVIA', 'ELVIA', '123A', '570.0', 69, 2145, '3004', 42, NULL, '2023-11-27 15:00:00'),
(348, '20-ELVIA', 'ELVIA', '110A', '62.0', 19, 1055, '1476', 40, NULL, '2023-11-27 15:00:00'),
(349, '23-FAUSTINO', 'FAUSTINO', '121A', '110.0', 24, 2900, '4059', 39, NULL, '2023-11-27 15:00:00'),
(350, '24-FRANCISCO', 'FRANCISCO', '118A', '467.0', 56, 1734, '2428', 39, NULL, '2023-11-27 15:00:00'),
(351, '25-FRANCISCO', 'FRANCISCO', '140A', '900.0', 76, 2340, '3276', 40, NULL, '2023-11-27 15:00:00'),
(352, '26-FRANCISCO', 'FRANCISCO', '172A', '805.0', 97, 2990, '4185', 42, NULL, '2023-11-27 15:00:00'),
(353, '27-GUADALUPE', 'GUADALUPE', '147A', '630.0', 62, 1638, '2293', 42, NULL, '2023-11-27 15:00:00'),
(354, '28-GUADALUPE', 'GUADALUPE', '162A', '640.0', 54, 1664, '2330', 42, NULL, '2023-11-27 15:00:00'),
(355, '32-HEIDI', 'HEIDI', '167A', '870.0', 73, 2262, '3167', 43, NULL, '2023-11-27 15:00:00'),
(356, '31-HEIDI', 'HEIDI', '152A', '480.0', 82, 2544, '3561', 44, NULL, '2023-11-27 15:00:00'),
(357, '30-HEIDI', 'HEIDI', '128A', '286.0', 46, 1224, '1714', 44, NULL, '2023-11-27 15:00:00'),
(358, '29-HEIDI', 'HEIDI', '103A', '251.0', 41, 1075, '1504', 44, NULL, '2023-11-27 15:00:00'),
(359, '33-J.CARLOS', 'J.CARLOS', '113A', '490.0', 41, 1274, '1784', 44, NULL, '2023-11-27 15:00:00'),
(360, '34-J.CARLOS', 'J.CARLOS', '117A', '363.0', 31, 944, '1321', 44, NULL, '2023-11-27 15:00:00'),
(361, '35-J.CARLOS', 'J.CARLOS', '124A', '170.0', 14, 442, '619', 43, NULL, '2023-11-27 15:00:00'),
(362, '36-J.CARLOS', 'J.CARLOS', '150A', '180.0', 25, 771, '1079', 43, NULL, '2023-11-27 15:00:00'),
(363, '37-LORENA', 'LORENA', '199A', '50.0', 9, 564, '790', 41, NULL, '2023-11-27 15:00:00'),
(364, '38-NOE', 'NOE', '141A', '140.0', 21, 2330, '3262', 40, NULL, '2023-11-27 15:00:00'),
(365, '39-RAYMUNDO', 'RAYMUNDO', '151A', '150.0', 39, 520, '727', 40, NULL, '2023-11-27 15:00:00'),
(366, '40-RAYMUNDO', 'RAYMUNDO', '830A', '4742.9', 75, 4316, '6042', 41, NULL, '2023-11-27 15:00:00'),
(367, '1-ALEJANDRA', 'ALEJANDRA', '120A', '726.0', 88, 2733, '3826', 88, NULL, '2023-11-27 16:00:00'),
(368, '2-ALEJANDRA', 'ALEJANDRA', '122A', '460.0', 56, 1731, '2424', 72, NULL, '2023-11-27 16:00:00'),
(369, '3-ALEJANDRA', 'ALEJANDRA', '125A', '4394.0', 88, 1168, '1635', 75, NULL, '2023-11-27 16:00:00'),
(370, '4-ALEJANDRA', 'ALEJANDRA', '139A', '570.0', 70, 2145, '3004', 73, NULL, '2023-11-27 16:00:00'),
(371, '5-ALEJANDRA', 'ALEJANDRA', '143A', '600.0', 73, 2258, '3162', 73, NULL, '2023-11-27 16:00:00'),
(372, '6-AMBAR', 'AMBAR', '105A', '85.0', 46, 820, '1148', 70, NULL, '2023-11-27 16:00:00'),
(373, '7-AMBAR', 'AMBAR', '115A', '850.0', 73, 2240, '3136', 71, NULL, '2023-11-27 16:00:00'),
(374, '8-AMBAR', 'AMBAR', '133A', '624.0', 71, 6020, '8428', 71, NULL, '2023-11-27 16:00:00'),
(375, '11-ANGELA', 'ANGELA', '154A', '105.0', 20, 345, '483', 68, NULL, '2023-11-27 16:00:00'),
(376, '10-ANGELA', 'ANGELA', '131A', '150.0', 31, 1102, '1542', 64, NULL, '2023-11-27 16:00:00'),
(377, '9-ANGELA', 'ANGELA', '127A', '40.0', 8, 481, '674', 55, NULL, '2023-11-27 16:00:00'),
(378, '12-ARACELI', 'ARACELI', '107A', '286.0', 37, 3267, '4574', 52, NULL, '2023-11-27 16:00:00'),
(379, '13-ARACELI', 'ARACELI', '148A', '246.0', 44, 1933, '2706', 51, NULL, '2023-11-27 16:00:00'),
(380, '14-ARACELI', 'ARACELI', '168A', '229.0', 45, 1799, '2519', 51, NULL, '2023-11-27 16:00:00'),
(381, '15-DOMINGO', 'DOMINGO', '111A', '630.0', 76, 2340, '3276', 52, NULL, '2023-11-27 16:00:00'),
(382, '16-DOMINGO', 'DOMINGO', '114A', '375.0', 45, 1393, '1950', 52, NULL, '2023-11-27 16:00:00'),
(383, '17-DOMINGO', 'DOMINGO', '130A', '1020.0', 86, 2652, '3713', 53, NULL, '2023-11-27 16:00:00'),
(384, '18-DOMINGO', 'DOMINGO', '138A', '620.0', 75, 2303, '3224', 54, NULL, '2023-11-27 16:00:00'),
(385, '19-ELIAS', 'ELIAS', '101A', '100.0', 24, 3214, '4500', 49, NULL, '2023-11-27 16:00:00'),
(386, '22-ELVIA', 'ELVIA', '158A', '37.0', 11, 392, '549', 48, NULL, '2023-11-27 16:00:00'),
(387, '21-ELVIA', 'ELVIA', '123A', '700.0', 85, 2635, '3689', 49, NULL, '2023-11-27 16:00:00'),
(388, '20-ELVIA', 'ELVIA', '110A', '80.0', 24, 1361, '1905', 48, NULL, '2023-11-27 16:00:00'),
(389, '23-FAUSTINO', 'FAUSTINO', '121A', '120.0', 27, 3163, '4428', 45, NULL, '2023-11-27 16:00:00'),
(390, '24-FRANCISCO', 'FRANCISCO', '118A', '527.0', 63, 1957, '2740', 46, NULL, '2023-11-27 16:00:00'),
(391, '25-FRANCISCO', 'FRANCISCO', '140A', '1080.0', 91, 2808, '3932', 47, NULL, '2023-11-27 16:00:00'),
(392, '26-FRANCISCO', 'FRANCISCO', '172A', '930.0', 112, 3454, '4835', 49, NULL, '2023-11-27 16:00:00'),
(393, '27-GUADALUPE', 'GUADALUPE', '147A', '750.0', 74, 1950, '2730', 49, NULL, '2023-11-27 16:00:00'),
(394, '28-GUADALUPE', 'GUADALUPE', '162A', '760.0', 64, 1976, '2767', 50, NULL, '2023-11-27 16:00:00'),
(395, '32-HEIDI', 'HEIDI', '167A', '960.0', 81, 2496, '3495', 51, NULL, '2023-11-27 16:00:00'),
(396, '31-HEIDI', 'HEIDI', '152A', '540.0', 93, 2862, '4006', 52, NULL, '2023-11-27 16:00:00'),
(397, '30-HEIDI', 'HEIDI', '128A', '346.0', 56, 1481, '2074', 52, NULL, '2023-11-27 16:00:00'),
(398, '29-HEIDI', 'HEIDI', '103A', '281.0', 45, 1203, '1684', 52, NULL, '2023-11-27 16:00:00'),
(399, '33-J.CARLOS', 'J.CARLOS', '113A', '570.0', 48, 1482, '2075', 51, NULL, '2023-11-27 16:00:00'),
(400, '34-J.CARLOS', 'J.CARLOS', '117A', '435.0', 37, 1131, '1584', 51, NULL, '2023-11-27 16:00:00'),
(401, '35-J.CARLOS', 'J.CARLOS', '124A', '200.0', 17, 520, '728', 50, NULL, '2023-11-27 16:00:00'),
(402, '36-J.CARLOS', 'J.CARLOS', '150A', '200.0', 28, 856, '1199', 50, NULL, '2023-11-27 16:00:00'),
(403, '37-LORENA', 'LORENA', '199A', '60.0', 11, 677, '948', 48, NULL, '2023-11-27 16:00:00'),
(404, '38-NOE', 'NOE', '141A', '180.0', 27, 2996, '4194', 47, NULL, '2023-11-27 16:00:00'),
(405, '39-RAYMUNDO', 'RAYMUNDO', '151A', '170.0', 45, 589, '824', 47, NULL, '2023-11-27 16:00:00'),
(406, '40-RAYMUNDO', 'RAYMUNDO', '830A', '5345.1', 85, 4864, '6810', 48, NULL, '2023-11-27 16:00:00'),
(407, '1-ALEJANDRA', 'ALEJANDRA', '120A', '840.0', 90, 3162, '3906', 90, NULL, '2023-11-27 17:00:00'),
(408, '2-ALEJANDRA', 'ALEJANDRA', '122A', '291.0', 31, 1095, '1353', 61, NULL, '2023-11-27 17:00:00'),
(409, '3-ALEJANDRA', 'ALEJANDRA', '125A', '5654.0', 100, 1503, '1856', 68, NULL, '2023-11-27 17:00:00'),
(410, '4-ALEJANDRA', 'ALEJANDRA', '139A', '690.0', 74, 2597, '3208', 70, NULL, '2023-11-27 17:00:00'),
(411, '5-ALEJANDRA', 'ALEJANDRA', '143A', '660.0', 71, 2484, '3069', 70, NULL, '2023-11-27 17:00:00'),
(412, '6-AMBAR', 'AMBAR', '105A', '0.0', 0, 0, '0', 62, NULL, '2023-11-27 17:00:00'),
(413, '7-AMBAR', 'AMBAR', '115A', '930.0', 70, 2451, '3027', 63, NULL, '2023-11-27 17:00:00'),
(414, '8-AMBAR', 'AMBAR', '133A', '704.0', 71, 6792, '8390', 66, NULL, '2023-11-27 17:00:00'),
(415, '11-ANGELA', 'ANGELA', '154A', '105.0', 17, 345, '426', 63, NULL, '2023-11-27 17:00:00'),
(416, '10-ANGELA', 'ANGELA', '131A', '192.0', 35, 1410, '1742', 60, NULL, '2023-11-27 17:00:00'),
(417, '9-ANGELA', 'ANGELA', '127A', '70.0', 13, 842, '1041', 53, NULL, '2023-11-27 17:00:00'),
(418, '12-ARACELI', 'ARACELI', '107A', '343.0', 39, 3918, '4840', 50, NULL, '2023-11-27 17:00:00'),
(419, '13-ARACELI', 'ARACELI', '148A', '306.0', 48, 2405, '2970', 50, NULL, '2023-11-27 17:00:00'),
(420, '14-ARACELI', 'ARACELI', '168A', '271.0', 47, 2130, '2631', 50, NULL, '2023-11-27 17:00:00'),
(421, '15-DOMINGO', 'DOMINGO', '111A', '690.0', 73, 2563, '3165', 51, NULL, '2023-11-27 17:00:00'),
(422, '16-DOMINGO', 'DOMINGO', '114A', '480.0', 51, 1783, '2202', 51, NULL, '2023-11-27 17:00:00'),
(423, '17-DOMINGO', 'DOMINGO', '130A', '1204.0', 89, 3131, '3867', 53, NULL, '2023-11-27 17:00:00'),
(424, '18-DOMINGO', 'DOMINGO', '138A', '705.0', 75, 2618, '3234', 54, NULL, '2023-11-27 17:00:00'),
(425, '19-ELIAS', 'ELIAS', '101A', '120.0', 26, 3857, '4764', 49, NULL, '2023-11-27 17:00:00'),
(426, '22-ELVIA', 'ELVIA', '158A', '40.0', 11, 424, '524', 48, NULL, '2023-11-27 17:00:00'),
(427, '21-ELVIA', 'ELVIA', '123A', '780.0', 84, 2936, '3627', 49, NULL, '2023-11-27 17:00:00'),
(428, '20-ELVIA', 'ELVIA', '110A', '100.0', 27, 1701, '2101', 48, NULL, '2023-11-27 17:00:00'),
(429, '23-FAUSTINO', 'FAUSTINO', '121A', '140.0', 27, 3690, '4559', 45, NULL, '2023-11-27 17:00:00'),
(430, '24-FRANCISCO', 'FRANCISCO', '118A', '600.0', 64, 2228, '2753', 46, NULL, '2023-11-27 17:00:00'),
(431, '25-FRANCISCO', 'FRANCISCO', '140A', '1200.0', 89, 3120, '3854', 47, NULL, '2023-11-27 17:00:00'),
(432, '26-FRANCISCO', 'FRANCISCO', '172A', '1040.0', 110, 3862, '4771', 49, NULL, '2023-11-27 17:00:00'),
(433, '27-GUADALUPE', 'GUADALUPE', '147A', '750.0', 65, 1950, '2409', 49, NULL, '2023-11-27 17:00:00'),
(434, '28-GUADALUPE', 'GUADALUPE', '162A', '880.0', 65, 2288, '2827', 50, NULL, '2023-11-27 17:00:00'),
(435, '32-HEIDI', 'HEIDI', '167A', '1080.0', 80, 2808, '3469', 50, NULL, '2023-11-27 17:00:00'),
(436, '31-HEIDI', 'HEIDI', '152A', '600.0', 91, 3180, '3928', 51, NULL, '2023-11-27 17:00:00'),
(437, '30-HEIDI', 'HEIDI', '128A', '406.0', 58, 1738, '2147', 51, NULL, '2023-11-27 17:00:00'),
(438, '29-HEIDI', 'HEIDI', '103A', '391.0', 56, 1674, '2068', 51, NULL, '2023-11-27 17:00:00'),
(439, '33-J.CARLOS', 'J.CARLOS', '113A', '650.0', 48, 1690, '2088', 51, NULL, '2023-11-27 17:00:00'),
(440, '34-J.CARLOS', 'J.CARLOS', '117A', '502.0', 37, 1305, '1612', 51, NULL, '2023-11-27 17:00:00'),
(441, '35-J.CARLOS', 'J.CARLOS', '124A', '238.0', 18, 619, '764', 50, NULL, '2023-11-27 17:00:00'),
(442, '36-J.CARLOS', 'J.CARLOS', '150A', '200.0', 24, 856, '1058', 50, NULL, '2023-11-27 17:00:00'),
(443, '37-LORENA', 'LORENA', '199A', '80.0', 13, 903, '1115', 48, NULL, '2023-11-27 17:00:00'),
(444, '38-NOE', 'NOE', '141A', '210.0', 28, 3495, '4317', 47, NULL, '2023-11-27 17:00:00'),
(445, '39-RAYMUNDO', 'RAYMUNDO', '151A', '210.0', 49, 727, '899', 47, NULL, '2023-11-27 17:00:00'),
(446, '40-RAYMUNDO', 'RAYMUNDO', '830A', '6020.9', 84, 5479, '6768', 48, NULL, '2023-11-27 17:00:00'),
(447, '1-ALEJANDRA', 'ALEJANDRA', '120A', '917.0', 88, 3452, '3815', 88, NULL, '2023-11-27 18:00:00'),
(448, '2-ALEJANDRA', 'ALEJANDRA', '122A', '582.0', 56, 2191, '2421', 72, NULL, '2023-11-27 18:00:00'),
(449, '3-ALEJANDRA', 'ALEJANDRA', '125A', '6300.0', 100, 1675, '1851', 77, NULL, '2023-11-27 18:00:00'),
(450, '4-ALEJANDRA', 'ALEJANDRA', '139A', '840.0', 81, 3162, '3495', 78, NULL, '2023-11-27 18:00:00'),
(451, '5-ALEJANDRA', 'ALEJANDRA', '143A', '720.0', 69, 2710, '2995', 76, NULL, '2023-11-27 18:00:00'),
(452, '6-AMBAR', 'AMBAR', '105A', '0.0', 0, 0, '0', 67, NULL, '2023-11-27 18:00:00'),
(453, '7-AMBAR', 'AMBAR', '115A', '1084.0', 73, 2857, '3157', 68, NULL, '2023-11-27 18:00:00'),
(454, '8-AMBAR', 'AMBAR', '133A', '794.0', 72, 7660, '8466', 69, NULL, '2023-11-27 18:00:00'),
(455, '11-ANGELA', 'ANGELA', '154A', '120.0', 18, 394, '435', 66, NULL, '2023-11-27 18:00:00'),
(456, '10-ANGELA', 'ANGELA', '131A', '210.0', 35, 1542, '1705', 63, NULL, '2023-11-27 18:00:00'),
(457, '9-ANGELA', 'ANGELA', '127A', '80.0', 13, 963, '1064', 55, NULL, '2023-11-27 18:00:00'),
(458, '12-ARACELI', 'ARACELI', '107A', '383.0', 39, 4375, '4836', 52, NULL, '2023-11-27 18:00:00'),
(459, '13-ARACELI', 'ARACELI', '148A', '346.0', 49, 2719, '3005', 52, NULL, '2023-11-27 18:00:00'),
(460, '14-ARACELI', 'ARACELI', '168A', '311.0', 49, 2444, '2701', 52, NULL, '2023-11-27 18:00:00'),
(461, '15-DOMINGO', 'DOMINGO', '111A', '750.0', 71, 2785, '3079', 53, NULL, '2023-11-27 18:00:00'),
(462, '16-DOMINGO', 'DOMINGO', '114A', '540.0', 51, 2005, '2217', 53, NULL, '2023-11-27 18:00:00'),
(463, '17-DOMINGO', 'DOMINGO', '130A', '1320.0', 88, 3432, '3794', 54, NULL, '2023-11-27 18:00:00'),
(464, '18-DOMINGO', 'DOMINGO', '138A', '880.0', 84, 3268, '3612', 56, NULL, '2023-11-27 18:00:00'),
(465, '19-ELIAS', 'ELIAS', '101A', '140.0', 27, 4500, '4973', 51, NULL, '2023-11-27 18:00:00'),
(466, '22-ELVIA', 'ELVIA', '158A', '40.0', 9, 424, '469', 49, NULL, '2023-11-27 18:00:00'),
(467, '21-ELVIA', 'ELVIA', '123A', '900.0', 86, 3388, '3744', 51, NULL, '2023-11-27 18:00:00'),
(468, '20-ELVIA', 'ELVIA', '110A', '110.0', 26, 1871, '2068', 49, NULL, '2023-11-27 18:00:00'),
(469, '23-FAUSTINO', 'FAUSTINO', '121A', '160.0', 28, 4218, '4662', 47, NULL, '2023-11-27 18:00:00'),
(470, '24-FRANCISCO', 'FRANCISCO', '118A', '707.0', 67, 2626, '2902', 47, NULL, '2023-11-27 18:00:00'),
(471, '25-FRANCISCO', 'FRANCISCO', '140A', '1320.0', 88, 3432, '3794', 48, NULL, '2023-11-27 18:00:00'),
(472, '26-FRANCISCO', 'FRANCISCO', '172A', '1170.0', 111, 4345, '4803', 50, NULL, '2023-11-27 18:00:00'),
(473, '27-GUADALUPE', 'GUADALUPE', '147A', '810.0', 63, 2106, '2328', 50, NULL, '2023-11-27 18:00:00'),
(474, '28-GUADALUPE', 'GUADALUPE', '162A', '970.0', 65, 2522, '2788', 51, NULL, '2023-11-27 18:00:00'),
(475, '32-HEIDI', 'HEIDI', '167A', '1200.0', 80, 3120, '3449', 51, NULL, '2023-11-27 18:00:00'),
(476, '31-HEIDI', 'HEIDI', '152A', '720.0', 98, 3815, '4217', 53, NULL, '2023-11-27 18:00:00'),
(477, '30-HEIDI', 'HEIDI', '128A', '466.0', 59, 1995, '2205', 53, NULL, '2023-11-27 18:00:00'),
(478, '29-HEIDI', 'HEIDI', '103A', '490.0', 63, 2098, '2319', 53, NULL, '2023-11-27 18:00:00'),
(479, '33-J.CARLOS', 'J.CARLOS', '113A', '730.0', 48, 1898, '2098', 53, NULL, '2023-11-27 18:00:00'),
(480, '34-J.CARLOS', 'J.CARLOS', '117A', '565.0', 38, 1469, '1624', 52, NULL, '2023-11-27 18:00:00'),
(481, '35-J.CARLOS', 'J.CARLOS', '124A', '266.0', 18, 692, '764', 52, NULL, '2023-11-27 18:00:00'),
(482, '36-J.CARLOS', 'J.CARLOS', '150A', '260.0', 28, 1113, '1230', 51, NULL, '2023-11-27 18:00:00'),
(483, '37-LORENA', 'LORENA', '199A', '80.0', 12, 903, '998', 50, NULL, '2023-11-27 18:00:00'),
(484, '38-NOE', 'NOE', '141A', '250.0', 30, 4161, '4599', 48, NULL, '2023-11-27 18:00:00'),
(485, '39-RAYMUNDO', 'RAYMUNDO', '151A', '240.0', 50, 831, '919', 48, NULL, '2023-11-27 18:00:00'),
(486, '40-RAYMUNDO', 'RAYMUNDO', '830A', '6746.2', 85, 6139, '6785', 49, NULL, '2023-11-27 18:00:00'),
(487, '1-ALEJANDRA', 'ALEJANDRA', '120A', '109.0', 99, 410, '4308', 99, NULL, '2023-11-28 09:00:00'),
(488, '2-ALEJANDRA', 'ALEJANDRA', '122A', '0.0', 0, 0, '0', 50, NULL, '2023-11-28 09:00:00'),
(489, '3-ALEJANDRA', 'ALEJANDRA', '125A', '664.0', 100, 176, '1853', 59, NULL, '2023-11-28 09:00:00'),
(490, '4-ALEJANDRA', 'ALEJANDRA', '139A', '109.0', 100, 410, '4308', 71, NULL, '2023-11-28 09:00:00'),
(491, '5-ALEJANDRA', 'ALEJANDRA', '143A', '90.0', 82, 339, '3557', 73, NULL, '2023-11-28 09:00:00'),
(492, '6-AMBAR', 'AMBAR', '105A', '0.0', 0, 0, '0', 65, NULL, '2023-11-28 09:00:00'),
(493, '7-AMBAR', 'AMBAR', '115A', '120.0', 77, 316, '3320', 67, NULL, '2023-11-28 09:00:00'),
(494, '8-AMBAR', 'AMBAR', '133A', '50.0', 43, 482, '5065', 59, NULL, '2023-11-28 09:00:00'),
(495, '9-ANGELA', 'ANGELA', '127A', '10.0', 16, 120, '1264', 52, NULL, '2023-11-28 09:00:00'),
(496, '10-ANGELA', 'ANGELA', '131A', '0.0', 0, 0, '0', 47, NULL, '2023-11-28 09:00:00'),
(497, '11-ANGELA', 'ANGELA', '154A', '120.0', 168, 394, '4137', 52, NULL, '2023-11-28 09:00:00'),
(498, '12-ARACELI', 'ARACELI', '107A', '40.0', 39, 457, '4798', 50, NULL, '2023-11-28 09:00:00'),
(499, '13-ARACELI', 'ARACELI', '148A', '40.0', 53, 314, '3300', 50, NULL, '2023-11-28 09:00:00'),
(500, '14-ARACELI', 'ARACELI', '168A', '40.0', 59, 314, '3300', 51, NULL, '2023-11-28 09:00:00'),
(501, '15-DOMINGO', 'DOMINGO', '111A', '60.0', 54, 223, '2340', 51, NULL, '2023-11-28 09:00:00'),
(502, '16-DOMINGO', 'DOMINGO', '114A', '60.0', 54, 223, '2340', 51, NULL, '2023-11-28 09:00:00'),
(503, '17-DOMINGO', 'DOMINGO', '130A', '60.0', 38, 156, '1638', 50, NULL, '2023-11-28 09:00:00'),
(504, '18-DOMINGO', 'DOMINGO', '138A', '60.0', 54, 223, '2340', 51, NULL, '2023-11-28 09:00:00'),
(505, '19-ELIAS', 'ELIAS', '101A', '20.0', 36, 643, '6749', 48, NULL, '2023-11-28 09:00:00'),
(506, '20-ELVIA', 'ELVIA', '110A', '21.0', 48, 357, '3750', 48, NULL, '2023-11-28 09:00:00'),
(507, '21-ELVIA', 'ELVIA', '123A', '60.0', 55, 226, '2371', 48, NULL, '2023-11-28 09:00:00'),
(508, '22-ELVIA', 'ELVIA', '158A', '19.0', 43, 201, '2115', 48, NULL, '2023-11-28 09:00:00'),
(509, '23-FAUSTINO', 'FAUSTINO', '121A', '10.0', 17, 264, '2768', 45, NULL, '2023-11-28 09:00:00'),
(510, '24-FRANCISCO', 'FRANCISCO', '118A', '70.0', 63, 260, '2730', 45, NULL, '2023-11-28 09:00:00'),
(511, '25-FRANCISCO', 'FRANCISCO', '140A', '120.0', 76, 312, '3276', 46, NULL, '2023-11-28 09:00:00'),
(512, '26-FRANCISCO', 'FRANCISCO', '172A', '105.0', 95, 390, '4094', 47, NULL, '2023-11-28 09:00:00'),
(513, '27-GUADALUPE', 'GUADALUPE', '147A', '120.0', 88, 312, '3276', 48, NULL, '2023-11-28 09:00:00'),
(514, '28-GUADALUPE', 'GUADALUPE', '162A', '120.0', 76, 312, '3276', 49, NULL, '2023-11-28 09:00:00'),
(515, '29-HEIDI', 'HEIDI', '103A', '60.0', 73, 257, '2697', 50, NULL, '2023-11-28 09:00:00'),
(516, '30-HEIDI', 'HEIDI', '128A', '40.0', 48, 171, '1798', 49, NULL, '2023-11-28 09:00:00'),
(517, '31-HEIDI', 'HEIDI', '152A', '60.0', 77, 318, '3339', 50, NULL, '2023-11-28 09:00:00'),
(518, '32-HEIDI', 'HEIDI', '167A', '120.0', 76, 312, '3276', 51, NULL, '2023-11-28 09:00:00'),
(519, '33-J.CARLOS', 'J.CARLOS', '113A', '60.0', 38, 156, '1638', 50, NULL, '2023-11-28 09:00:00'),
(520, '34-J.CARLOS', 'J.CARLOS', '117A', '41.0', 26, 107, '1119', 50, NULL, '2023-11-28 09:00:00'),
(521, '35-J.CARLOS', 'J.CARLOS', '124A', '44.0', 28, 114, '1201', 49, NULL, '2023-11-28 09:00:00'),
(522, '36-J.CARLOS', 'J.CARLOS', '150A', '30.0', 31, 128, '1349', 49, NULL, '2023-11-28 09:00:00'),
(523, '37-LORENA', 'LORENA', '199A', '0.0', 0, 0, '0', 47, NULL, '2023-11-28 09:00:00'),
(524, '38-NOE', 'NOE', '141A', '20.0', 23, 333, '3495', 45, NULL, '2023-11-28 09:00:00'),
(525, '39-RAYMUNDO', 'RAYMUNDO', '151A', '30.0', 59, 104, '1091', 45, NULL, '2023-11-28 09:00:00'),
(526, '40-RAYMUNDO', 'RAYMUNDO', '830A', '693.4', 83, 631, '6626', 47, NULL, '2023-11-28 09:00:00'),
(527, '1-ALEJANDRA', 'ALEJANDRA', '120A', '199.0', 91, 749, '3932', 91, NULL, '2023-11-28 10:00:00'),
(528, '2-ALEJANDRA', 'ALEJANDRA', '122A', '84.0', 38, 316, '1660', 65, NULL, '2023-11-28 10:00:00'),
(529, '3-ALEJANDRA', 'ALEJANDRA', '125A', '1328.0', 100, 353, '1853', 71, NULL, '2023-11-28 10:00:00'),
(530, '4-ALEJANDRA', 'ALEJANDRA', '139A', '218.0', 100, 821, '4308', 79, NULL, '2023-11-28 10:00:00'),
(531, '5-ALEJANDRA', 'ALEJANDRA', '143A', '180.0', 82, 678, '3557', 80, NULL, '2023-11-28 10:00:00'),
(532, '6-AMBAR', 'AMBAR', '105A', '0.0', 0, 0, '0', 71, NULL, '2023-11-28 10:00:00'),
(533, '7-AMBAR', 'AMBAR', '115A', '240.0', 77, 632, '3320', 72, NULL, '2023-11-28 10:00:00'),
(534, '8-AMBAR', 'AMBAR', '133A', '133.0', 57, 1283, '6736', 67, NULL, '2023-11-28 10:00:00'),
(535, '9-ANGELA', 'ANGELA', '127A', '20.0', 16, 241, '1264', 58, NULL, '2023-11-28 10:00:00'),
(536, '10-ANGELA', 'ANGELA', '131A', '0.0', 0, 0, '0', 53, NULL, '2023-11-28 10:00:00'),
(537, '11-ANGELA', 'ANGELA', '154A', '0.0', 0, 0, '0', 50, NULL, '2023-11-28 10:00:00'),
(538, '12-ARACELI', 'ARACELI', '107A', '60.0', 29, 685, '3599', 46, NULL, '2023-11-28 10:00:00'),
(539, '13-ARACELI', 'ARACELI', '148A', '57.0', 38, 448, '2352', 45, NULL, '2023-11-28 10:00:00'),
(540, '14-ARACELI', 'ARACELI', '168A', '60.0', 44, 471, '2475', 45, NULL, '2023-11-28 10:00:00'),
(541, '15-DOMINGO', 'DOMINGO', '111A', '120.0', 54, 446, '2340', 46, NULL, '2023-11-28 10:00:00'),
(542, '16-DOMINGO', 'DOMINGO', '114A', '120.0', 54, 446, '2340', 46, NULL, '2023-11-28 10:00:00'),
(543, '17-DOMINGO', 'DOMINGO', '130A', '120.0', 38, 312, '1638', 46, NULL, '2023-11-28 10:00:00'),
(544, '18-DOMINGO', 'DOMINGO', '138A', '93.0', 42, 345, '1813', 46, NULL, '2023-11-28 10:00:00'),
(545, '19-ELIAS', 'ELIAS', '101A', '30.0', 27, 964, '5062', 43, NULL, '2023-11-28 10:00:00'),
(546, '20-ELVIA', 'ELVIA', '110A', '30.0', 34, 510, '2679', 42, NULL, '2023-11-28 10:00:00'),
(547, '21-ELVIA', 'ELVIA', '123A', '120.0', 55, 452, '2371', 43, NULL, '2023-11-28 10:00:00'),
(548, '22-ELVIA', 'ELVIA', '158A', '29.0', 33, 307, '1614', 42, NULL, '2023-11-28 10:00:00'),
(549, '23-FAUSTINO', 'FAUSTINO', '121A', '25.0', 21, 659, '3460', 40, NULL, '2023-11-28 10:00:00'),
(550, '24-FRANCISCO', 'FRANCISCO', '118A', '180.0', 81, 668, '3510', 41, NULL, '2023-11-28 10:00:00'),
(551, '25-FRANCISCO', 'FRANCISCO', '140A', '240.0', 76, 624, '3276', 42, NULL, '2023-11-28 10:00:00'),
(552, '26-FRANCISCO', 'FRANCISCO', '172A', '220.0', 99, 817, '4289', 43, NULL, '2023-11-28 10:00:00'),
(553, '27-GUADALUPE', 'GUADALUPE', '147A', '240.0', 88, 624, '3276', 44, NULL, '2023-11-28 10:00:00'),
(554, '28-GUADALUPE', 'GUADALUPE', '162A', '240.0', 76, 624, '3276', 45, NULL, '2023-11-28 10:00:00'),
(555, '29-HEIDI', 'HEIDI', '103A', '120.0', 73, 514, '2697', 46, NULL, '2023-11-28 10:00:00'),
(556, '30-HEIDI', 'HEIDI', '128A', '120.0', 73, 514, '2697', 46, NULL, '2023-11-28 10:00:00'),
(557, '31-HEIDI', 'HEIDI', '152A', '120.0', 77, 636, '3339', 47, NULL, '2023-11-28 10:00:00'),
(558, '32-HEIDI', 'HEIDI', '167A', '280.0', 88, 728, '3822', 48, NULL, '2023-11-28 10:00:00'),
(559, '33-J.CARLOS', 'J.CARLOS', '113A', '130.0', 41, 338, '1775', 48, NULL, '2023-11-28 10:00:00'),
(560, '34-J.CARLOS', 'J.CARLOS', '117A', '122.0', 39, 317, '1665', 48, NULL, '2023-11-28 10:00:00'),
(561, '35-J.CARLOS', 'J.CARLOS', '124A', '64.0', 20, 166, '874', 47, NULL, '2023-11-28 10:00:00'),
(562, '36-J.CARLOS', 'J.CARLOS', '150A', '70.0', 36, 300, '1573', 47, NULL, '2023-11-28 10:00:00'),
(563, '37-LORENA', 'LORENA', '199A', '0.0', 0, 0, '0', 45, NULL, '2023-11-28 10:00:00'),
(564, '38-NOE', 'NOE', '141A', '40.0', 23, 666, '3495', 43, NULL, '2023-11-28 10:00:00'),
(565, '39-RAYMUNDO', 'RAYMUNDO', '151A', '50.0', 49, 173, '909', 44, NULL, '2023-11-28 10:00:00'),
(566, '40-RAYMUNDO', 'RAYMUNDO', '830A', '1371.4', 82, 1248, '6552', 45, NULL, '2023-11-28 10:00:00'),
(567, '1-ALEJANDRA', 'ALEJANDRA', '120A', '259.0', 79, 975, '3412', 79, NULL, '2023-11-28 11:00:00'),
(568, '2-ALEJANDRA', 'ALEJANDRA', '122A', '144.0', 44, 542, '1897', 61, NULL, '2023-11-28 11:00:00'),
(569, '3-ALEJANDRA', 'ALEJANDRA', '125A', '1328.0', 67, 353, '1235', 62, NULL, '2023-11-28 11:00:00'),
(570, '4-ALEJANDRA', 'ALEJANDRA', '139A', '278.0', 85, 1046, '3662', 69, NULL, '2023-11-28 11:00:00'),
(571, '5-ALEJANDRA', 'ALEJANDRA', '143A', '270.0', 82, 1016, '3557', 72, NULL, '2023-11-28 11:00:00'),
(572, '6-AMBAR', 'AMBAR', '105A', '0.0', 0, 0, '0', 64, NULL, '2023-11-28 11:00:00'),
(573, '7-AMBAR', 'AMBAR', '115A', '300.0', 64, 791, '2767', 64, NULL, '2023-11-28 11:00:00'),
(574, '8-AMBAR', 'AMBAR', '133A', '210.0', 60, 2026, '7091', 63, NULL, '2023-11-28 11:00:00'),
(575, '9-ANGELA', 'ANGELA', '127A', '25.0', 13, 301, '1053', 54, NULL, '2023-11-28 11:00:00'),
(576, '10-ANGELA', 'ANGELA', '131A', '0.0', 0, 0, '0', 49, NULL, '2023-11-28 11:00:00'),
(577, '11-ANGELA', 'ANGELA', '154A', '0.0', 0, 0, '0', 46, NULL, '2023-11-28 11:00:00'),
(578, '12-ARACELI', 'ARACELI', '107A', '80.0', 26, 914, '3199', 43, NULL, '2023-11-28 11:00:00'),
(579, '13-ARACELI', 'ARACELI', '148A', '77.0', 34, 605, '2118', 42, NULL, '2023-11-28 11:00:00'),
(580, '14-ARACELI', 'ARACELI', '168A', '80.0', 40, 629, '2200', 42, NULL, '2023-11-28 11:00:00'),
(581, '15-DOMINGO', 'DOMINGO', '111A', '210.0', 63, 780, '2730', 43, NULL, '2023-11-28 11:00:00'),
(582, '16-DOMINGO', 'DOMINGO', '114A', '180.0', 54, 668, '2340', 43, NULL, '2023-11-28 11:00:00'),
(583, '17-DOMINGO', 'DOMINGO', '130A', '149.0', 31, 387, '1356', 43, NULL, '2023-11-28 11:00:00'),
(584, '18-DOMINGO', 'DOMINGO', '138A', '195.0', 59, 724, '2535', 44, NULL, '2023-11-28 11:00:00'),
(585, '19-ELIAS', 'ELIAS', '101A', '58.0', 35, 1864, '6525', 42, NULL, '2023-11-28 11:00:00'),
(586, '20-ELVIA', 'ELVIA', '110A', '40.0', 30, 680, '2381', 41, NULL, '2023-11-28 11:00:00'),
(587, '21-ELVIA', 'ELVIA', '123A', '200.0', 61, 753, '2635', 42, NULL, '2023-11-28 11:00:00'),
(588, '22-ELVIA', 'ELVIA', '158A', '40.0', 30, 424, '1484', 42, NULL, '2023-11-28 11:00:00'),
(589, '23-FAUSTINO', 'FAUSTINO', '121A', '35.0', 19, 923, '3229', 39, NULL, '2023-11-28 11:00:00'),
(590, '24-FRANCISCO', 'FRANCISCO', '118A', '240.0', 72, 891, '3120', 40, NULL, '2023-11-28 11:00:00'),
(591, '25-FRANCISCO', 'FRANCISCO', '140A', '360.0', 76, 936, '3276', 41, NULL, '2023-11-28 11:00:00'),
(592, '26-FRANCISCO', 'FRANCISCO', '172A', '310.0', 93, 1151, '4029', 42, NULL, '2023-11-28 11:00:00'),
(593, '27-GUADALUPE', 'GUADALUPE', '147A', '240.0', 59, 624, '2184', 43, NULL, '2023-11-28 11:00:00'),
(594, '28-GUADALUPE', 'GUADALUPE', '162A', '300.0', 63, 780, '2730', 43, NULL, '2023-11-28 11:00:00'),
(595, '29-HEIDI', 'HEIDI', '103A', '200.0', 81, 856, '2997', 44, NULL, '2023-11-28 11:00:00'),
(596, '30-HEIDI', 'HEIDI', '128A', '220.0', 89, 942, '3297', 45, NULL, '2023-11-28 11:00:00'),
(597, '31-HEIDI', 'HEIDI', '152A', '240.0', 103, 1272, '4451', 46, NULL, '2023-11-28 11:00:00'),
(598, '32-HEIDI', 'HEIDI', '167A', '420.0', 88, 1092, '3822', 47, NULL, '2023-11-28 11:00:00'),
(599, '33-J.CARLOS', 'J.CARLOS', '113A', '210.0', 44, 546, '1911', 47, NULL, '2023-11-28 11:00:00'),
(600, '34-J.CARLOS', 'J.CARLOS', '117A', '165.0', 35, 429, '1502', 47, NULL, '2023-11-28 11:00:00');
INSERT INTO `planeacion_diaria` (`id`, `id_planeacion`, `team_leader`, `Modulo`, `piezas`, `efic`, `min_producidos`, `proyeccion_minutos`, `efic_total`, `created_at`, `updated_at`) VALUES
(601, '35-J.CARLOS', 'J.CARLOS', '124A', '96.0', 20, 250, '874', 47, NULL, '2023-11-28 11:00:00'),
(602, '36-J.CARLOS', 'J.CARLOS', '150A', '100.0', 35, 428, '1498', 46, NULL, '2023-11-28 11:00:00'),
(603, '37-LORENA', 'LORENA', '199A', '15.0', 7, 169, '592', 45, NULL, '2023-11-28 11:00:00'),
(604, '38-NOE', 'NOE', '141A', '60.0', 23, 999, '3495', 43, NULL, '2023-11-28 11:00:00'),
(605, '39-RAYMUNDO', 'RAYMUNDO', '151A', '70.0', 46, 242, '849', 43, NULL, '2023-11-28 11:00:00'),
(606, '40-RAYMUNDO', 'RAYMUNDO', '830A', '2223.1', 88, 2023, '7081', 45, NULL, '2023-11-28 11:00:00'),
(607, '1-ALEJANDRA', 'ALEJANDRA', '120A', '319.0', 73, 1201, '3152', 73, NULL, '2023-11-28 12:00:00'),
(608, '2-ALEJANDRA', 'ALEJANDRA', '122A', '204.0', 47, 768, '2016', 60, NULL, '2023-11-28 12:00:00'),
(609, '3-ALEJANDRA', 'ALEJANDRA', '125A', '1328.0', 50, 353, '927', 58, NULL, '2023-11-28 12:00:00'),
(610, '4-ALEJANDRA', 'ALEJANDRA', '139A', '338.0', 77, 1272, '3340', 64, NULL, '2023-11-28 12:00:00'),
(611, '5-ALEJANDRA', 'ALEJANDRA', '143A', '360.0', 82, 1355, '3557', 68, NULL, '2023-11-28 12:00:00'),
(612, '6-AMBAR', 'AMBAR', '105A', '0.0', 0, 0, '0', 60, NULL, '2023-11-28 12:00:00'),
(613, '7-AMBAR', 'AMBAR', '115A', '492.0', 79, 1297, '3403', 63, NULL, '2023-11-28 12:00:00'),
(614, '8-AMBAR', 'AMBAR', '133A', '300.0', 64, 2894, '7597', 64, NULL, '2023-11-28 12:00:00'),
(615, '9-ANGELA', 'ANGELA', '127A', '39.0', 15, 469, '1232', 55, NULL, '2023-11-28 12:00:00'),
(616, '10-ANGELA', 'ANGELA', '131A', '0.0', 0, 0, '0', 50, NULL, '2023-11-28 12:00:00'),
(617, '11-ANGELA', 'ANGELA', '154A', '0.0', 0, 0, '0', 47, NULL, '2023-11-28 12:00:00'),
(618, '12-ARACELI', 'ARACELI', '107A', '100.0', 24, 1142, '2999', 43, NULL, '2023-11-28 12:00:00'),
(619, '13-ARACELI', 'ARACELI', '148A', '97.0', 32, 762, '2001', 42, NULL, '2023-11-28 12:00:00'),
(620, '14-ARACELI', 'ARACELI', '168A', '100.0', 37, 786, '2063', 42, NULL, '2023-11-28 12:00:00'),
(621, '15-DOMINGO', 'DOMINGO', '111A', '270.0', 61, 1003, '2632', 43, NULL, '2023-11-28 12:00:00'),
(622, '16-DOMINGO', 'DOMINGO', '114A', '217.0', 49, 806, '2115', 43, NULL, '2023-11-28 12:00:00'),
(623, '17-DOMINGO', 'DOMINGO', '130A', '326.0', 51, 848, '2225', 43, NULL, '2023-11-28 12:00:00'),
(624, '18-DOMINGO', 'DOMINGO', '138A', '263.0', 59, 977, '2564', 44, NULL, '2023-11-28 12:00:00'),
(625, '19-ELIAS', 'ELIAS', '101A', '72.0', 33, 2314, '6075', 42, NULL, '2023-11-28 12:00:00'),
(626, '20-ELVIA', 'ELVIA', '110A', '60.0', 34, 1021, '2679', 42, NULL, '2023-11-28 12:00:00'),
(627, '21-ELVIA', 'ELVIA', '123A', '270.0', 62, 1016, '2668', 42, NULL, '2023-11-28 12:00:00'),
(628, '22-ELVIA', 'ELVIA', '158A', '50.0', 28, 530, '1391', 42, NULL, '2023-11-28 12:00:00'),
(629, '23-FAUSTINO', 'FAUSTINO', '121A', '50.0', 21, 1318, '3460', 40, NULL, '2023-11-28 12:00:00'),
(630, '24-FRANCISCO', 'FRANCISCO', '118A', '360.0', 81, 1337, '3510', 41, NULL, '2023-11-28 12:00:00'),
(631, '25-FRANCISCO', 'FRANCISCO', '140A', '510.0', 81, 1326, '3481', 42, NULL, '2023-11-28 12:00:00'),
(632, '26-FRANCISCO', 'FRANCISCO', '172A', '470.0', 106, 1745, '4582', 44, NULL, '2023-11-28 12:00:00'),
(633, '27-GUADALUPE', 'GUADALUPE', '147A', '274.0', 50, 712, '1870', 44, NULL, '2023-11-28 12:00:00'),
(634, '28-GUADALUPE', 'GUADALUPE', '162A', '360.0', 57, 936, '2457', 44, NULL, '2023-11-28 12:00:00'),
(635, '29-HEIDI', 'HEIDI', '103A', '271.0', 82, 1160, '3046', 45, NULL, '2023-11-28 12:00:00'),
(636, '30-HEIDI', 'HEIDI', '128A', '280.0', 85, 1199, '3147', 46, NULL, '2023-11-28 12:00:00'),
(637, '31-HEIDI', 'HEIDI', '152A', '300.0', 97, 1590, '4173', 47, NULL, '2023-11-28 12:00:00'),
(638, '32-HEIDI', 'HEIDI', '167A', '540.0', 85, 1404, '3686', 48, NULL, '2023-11-28 12:00:00'),
(639, '33-J.CARLOS', 'J.CARLOS', '113A', '270.0', 43, 702, '1843', 48, NULL, '2023-11-28 12:00:00'),
(640, '34-J.CARLOS', 'J.CARLOS', '117A', '189.0', 30, 491, '1290', 47, NULL, '2023-11-28 12:00:00'),
(641, '35-J.CARLOS', 'J.CARLOS', '124A', '128.0', 20, 333, '874', 47, NULL, '2023-11-28 12:00:00'),
(642, '36-J.CARLOS', 'J.CARLOS', '150A', '140.0', 36, 599, '1573', 47, NULL, '2023-11-28 12:00:00'),
(643, '37-LORENA', 'LORENA', '199A', '20.0', 7, 226, '592', 45, NULL, '2023-11-28 12:00:00'),
(644, '38-NOE', 'NOE', '141A', '80.0', 23, 1331, '3495', 43, NULL, '2023-11-28 12:00:00'),
(645, '39-RAYMUNDO', 'RAYMUNDO', '151A', '100.0', 49, 346, '909', 43, NULL, '2023-11-28 12:00:00'),
(646, '40-RAYMUNDO', 'RAYMUNDO', '830A', '2868.1', 85, 2610, '6851', 45, NULL, '2023-11-28 12:00:00'),
(647, '1-ALEJANDRA', 'ALEJANDRA', '120A', '600.0', 129, 2936, '5605', 129, NULL, '2023-11-28 14:00:00'),
(648, '1-ALEJANDRA', 'ALEJANDRA', '120A', '600.0', 99, 2258, '4311', 99, NULL, '2023-11-28 15:00:00'),
(649, '1-ALEJANDRA', 'ALEJANDRA', '120A', '820.0', 99, 3086, '4321', 99, NULL, '2023-11-28 16:00:00'),
(650, '2-ALEJANDRA', 'ALEJANDRA', '122A', '490.0', 60, 1844, '2582', 80, NULL, '2023-11-28 16:00:00'),
(651, '3-ALEJANDRA', 'ALEJANDRA', '125A', '4620.0', 93, 1228, '1719', 82, NULL, '2023-11-28 16:00:00'),
(652, '4-ALEJANDRA', 'ALEJANDRA', '139A', '660.0', 80, 2484, '3478', 82, NULL, '2023-11-28 16:00:00'),
(653, '5-ALEJANDRA', 'ALEJANDRA', '143A', '670.0', 82, 2522, '3531', 82, NULL, '2023-11-28 16:00:00'),
(654, '6-AMBAR', 'AMBAR', '105A', '0.0', 0, 0, '0', 72, NULL, '2023-11-28 16:00:00'),
(655, '7-AMBAR', 'AMBAR', '115A', '1092.0', 93, 2878, '4029', 76, NULL, '2023-11-28 16:00:00'),
(656, '8-AMBAR', 'AMBAR', '133A', '580.0', 66, 5596, '7834', 73, NULL, '2023-11-28 16:00:00'),
(657, '9-ANGELA', 'ANGELA', '127A', '82.0', 17, 987, '1381', 63, NULL, '2023-11-28 16:00:00'),
(658, '10-ANGELA', 'ANGELA', '131A', '0.0', 0, 0, '0', 57, NULL, '2023-11-28 16:00:00'),
(659, '11-ANGELA', 'ANGELA', '154A', '30.0', 6, 98, '138', 55, NULL, '2023-11-28 16:00:00'),
(660, '12-ARACELI', 'ARACELI', '107A', '220.0', 28, 2513, '3519', 50, NULL, '2023-11-28 16:00:00'),
(661, '13-ARACELI', 'ARACELI', '148A', '260.0', 46, 2043, '2860', 49, NULL, '2023-11-28 16:00:00'),
(662, '14-ARACELI', 'ARACELI', '168A', '280.0', 55, 2200, '3080', 50, NULL, '2023-11-28 16:00:00'),
(663, '15-DOMINGO', 'DOMINGO', '111A', '600.0', 72, 2228, '3120', 51, NULL, '2023-11-28 16:00:00'),
(664, '16-DOMINGO', 'DOMINGO', '114A', '480.0', 58, 1783, '2496', 51, NULL, '2023-11-28 16:00:00'),
(665, '17-DOMINGO', 'DOMINGO', '130A', '989.0', 83, 2572, '3600', 53, NULL, '2023-11-28 16:00:00'),
(666, '18-DOMINGO', 'DOMINGO', '138A', '765.0', 92, 2841, '3977', 55, NULL, '2023-11-28 16:00:00'),
(667, '19-ELIAS', 'ELIAS', '101A', '135.0', 33, 4339, '6075', 51, NULL, '2023-11-28 16:00:00'),
(668, '20-ELVIA', 'ELVIA', '110A', '146.0', 44, 2483, '3477', 51, NULL, '2023-11-28 16:00:00'),
(669, '21-ELVIA', 'ELVIA', '123A', '560.0', 68, 2108, '2951', 51, NULL, '2023-11-28 16:00:00'),
(670, '22-ELVIA', 'ELVIA', '158A', '80.0', 24, 848, '1187', 50, NULL, '2023-11-28 16:00:00'),
(671, '23-FAUSTINO', 'FAUSTINO', '121A', '110.0', 24, 2900, '4059', 47, NULL, '2023-11-28 16:00:00'),
(672, '24-FRANCISCO', 'FRANCISCO', '118A', '560.0', 67, 2080, '2912', 48, NULL, '2023-11-28 16:00:00'),
(673, '25-FRANCISCO', 'FRANCISCO', '140A', '960.0', 81, 2496, '3495', 49, NULL, '2023-11-28 16:00:00'),
(674, '26-FRANCISCO', 'FRANCISCO', '172A', '850.0', 102, 3157, '4419', 50, NULL, '2023-11-28 16:00:00'),
(675, '27-GUADALUPE', 'GUADALUPE', '147A', '840.0', 83, 2184, '3058', 51, NULL, '2023-11-28 16:00:00'),
(676, '28-GUADALUPE', 'GUADALUPE', '162A', '840.0', 71, 2184, '3058', 51, NULL, '2023-11-28 16:00:00'),
(677, '29-HEIDI', 'HEIDI', '103A', '586.0', 95, 2509, '3512', 52, NULL, '2023-11-28 16:00:00'),
(678, '30-HEIDI', 'HEIDI', '128A', '467.0', 75, 1999, '2799', 53, NULL, '2023-11-28 16:00:00'),
(679, '31-HEIDI', 'HEIDI', '152A', '568.0', 98, 3010, '4214', 54, NULL, '2023-11-28 16:00:00'),
(680, '32-HEIDI', 'HEIDI', '167A', '1020.0', 86, 2652, '3713', 55, NULL, '2023-11-28 16:00:00'),
(681, '33-J.CARLOS', 'J.CARLOS', '113A', '853.0', 72, 2218, '3105', 55, NULL, '2023-11-28 16:00:00'),
(682, '34-J.CARLOS', 'J.CARLOS', '117A', '430.0', 36, 1118, '1565', 55, NULL, '2023-11-28 16:00:00'),
(683, '35-J.CARLOS', 'J.CARLOS', '124A', '240.0', 20, 624, '874', 54, NULL, '2023-11-28 16:00:00'),
(684, '36-J.CARLOS', 'J.CARLOS', '150A', '220.0', 31, 942, '1319', 53, NULL, '2023-11-28 16:00:00'),
(685, '37-LORENA', 'LORENA', '199A', '60.0', 11, 677, '948', 52, NULL, '2023-11-28 16:00:00'),
(686, '38-NOE', 'NOE', '141A', '210.0', 32, 3495, '4893', 50, NULL, '2023-11-28 16:00:00'),
(687, '39-RAYMUNDO', 'RAYMUNDO', '151A', '253.0', 66, 876, '1227', 50, NULL, '2023-11-28 16:00:00'),
(688, '40-RAYMUNDO', 'RAYMUNDO', '830A', '5361.5', 85, 4879, '6831', 52, NULL, '2023-11-28 16:00:00'),
(689, '1-ALEJANDRA', 'ALEJANDRA', '120A', '930.0', 99, 3501, '4324', 99, NULL, '2023-11-28 17:00:00'),
(690, '2-ALEJANDRA', 'ALEJANDRA', '122A', '557.0', 60, 2097, '2590', 80, NULL, '2023-11-28 17:00:00'),
(691, '3-ALEJANDRA', 'ALEJANDRA', '125A', '5641.0', 100, 1499, '1852', 83, NULL, '2023-11-28 17:00:00'),
(692, '4-ALEJANDRA', 'ALEJANDRA', '139A', '720.0', 77, 2710, '3348', 82, NULL, '2023-11-28 17:00:00'),
(693, '5-ALEJANDRA', 'ALEJANDRA', '143A', '730.0', 79, 2748, '3394', 81, NULL, '2023-11-28 17:00:00'),
(694, '6-AMBAR', 'AMBAR', '105A', '0.0', 0, 0, '0', 72, NULL, '2023-11-28 17:00:00'),
(695, '7-AMBAR', 'AMBAR', '115A', '1272.0', 96, 3352, '4141', 76, NULL, '2023-11-28 17:00:00'),
(696, '8-AMBAR', 'AMBAR', '133A', '658.0', 66, 6348, '7842', 73, NULL, '2023-11-28 17:00:00'),
(697, '9-ANGELA', 'ANGELA', '127A', '104.0', 19, 1251, '1546', 63, NULL, '2023-11-28 17:00:00'),
(698, '10-ANGELA', 'ANGELA', '131A', '0.0', 0, 0, '0', 57, NULL, '2023-11-28 17:00:00'),
(699, '11-ANGELA', 'ANGELA', '154A', '30.0', 5, 98, '122', 55, NULL, '2023-11-28 17:00:00'),
(700, '12-ARACELI', 'ARACELI', '107A', '260.0', 30, 2970, '3669', 50, NULL, '2023-11-28 17:00:00'),
(701, '13-ARACELI', 'ARACELI', '148A', '300.0', 47, 2357, '2912', 50, NULL, '2023-11-28 17:00:00'),
(702, '14-ARACELI', 'ARACELI', '168A', '340.0', 59, 2672, '3300', 51, NULL, '2023-11-28 17:00:00'),
(703, '15-DOMINGO', 'DOMINGO', '111A', '660.0', 70, 2451, '3028', 52, NULL, '2023-11-28 17:00:00'),
(704, '16-DOMINGO', 'DOMINGO', '114A', '532.0', 56, 1976, '2441', 52, NULL, '2023-11-28 17:00:00'),
(705, '17-DOMINGO', 'DOMINGO', '130A', '1176.0', 87, 3058, '3777', 53, NULL, '2023-11-28 17:00:00'),
(706, '18-DOMINGO', 'DOMINGO', '138A', '830.0', 88, 3082, '3808', 55, NULL, '2023-11-28 17:00:00'),
(707, '19-ELIAS', 'ELIAS', '101A', '175.0', 38, 5625, '6948', 52, NULL, '2023-11-28 17:00:00'),
(708, '20-ELVIA', 'ELVIA', '110A', '166.0', 44, 2823, '3488', 52, NULL, '2023-11-28 17:00:00'),
(709, '21-ELVIA', 'ELVIA', '123A', '640.0', 69, 2409, '2976', 52, NULL, '2023-11-28 17:00:00'),
(710, '22-ELVIA', 'ELVIA', '158A', '100.0', 27, 1060, '1309', 51, NULL, '2023-11-28 17:00:00'),
(711, '23-FAUSTINO', 'FAUSTINO', '121A', '130.0', 25, 3427, '4233', 48, NULL, '2023-11-28 17:00:00'),
(712, '24-FRANCISCO', 'FRANCISCO', '118A', '660.0', 70, 2451, '3028', 49, NULL, '2023-11-28 17:00:00'),
(713, '25-FRANCISCO', 'FRANCISCO', '140A', '1230.0', 91, 3198, '3951', 50, NULL, '2023-11-28 17:00:00'),
(714, '26-FRANCISCO', 'FRANCISCO', '172A', '1000.0', 106, 3714, '4588', 52, NULL, '2023-11-28 17:00:00'),
(715, '27-GUADALUPE', 'GUADALUPE', '147A', '992.0', 86, 2579, '3186', 52, NULL, '2023-11-28 17:00:00'),
(716, '28-GUADALUPE', 'GUADALUPE', '162A', '1020.0', 76, 2652, '3276', 53, NULL, '2023-11-28 17:00:00'),
(717, '29-HEIDI', 'HEIDI', '103A', '660.0', 94, 2826, '3491', 54, NULL, '2023-11-28 17:00:00'),
(718, '30-HEIDI', 'HEIDI', '128A', '487.0', 69, 2085, '2576', 54, NULL, '2023-11-28 17:00:00'),
(719, '31-HEIDI', 'HEIDI', '152A', '696.0', 105, 3688, '4556', 55, NULL, '2023-11-28 17:00:00'),
(720, '32-HEIDI', 'HEIDI', '167A', '1180.0', 88, 3068, '3790', 56, NULL, '2023-11-28 17:00:00'),
(721, '33-J.CARLOS', 'J.CARLOS', '113A', '660.0', 49, 1716, '2120', 56, NULL, '2023-11-28 17:00:00'),
(722, '34-J.CARLOS', 'J.CARLOS', '117A', '495.0', 37, 1287, '1590', 56, NULL, '2023-11-28 17:00:00'),
(723, '35-J.CARLOS', 'J.CARLOS', '124A', '272.0', 20, 707, '874', 55, NULL, '2023-11-28 17:00:00'),
(724, '36-J.CARLOS', 'J.CARLOS', '150A', '290.0', 35, 1242, '1534', 54, NULL, '2023-11-28 17:00:00'),
(725, '37-LORENA', 'LORENA', '199A', '100.0', 16, 1128, '1394', 53, NULL, '2023-11-28 17:00:00'),
(726, '38-NOE', 'NOE', '141A', '240.0', 32, 3994, '4934', 51, NULL, '2023-11-28 17:00:00'),
(727, '39-RAYMUNDO', 'RAYMUNDO', '151A', '263.0', 61, 911, '1125', 52, NULL, '2023-11-28 17:00:00'),
(728, '40-RAYMUNDO', 'RAYMUNDO', '830A', '6028.6', 84, 5486, '6777', 53, NULL, '2023-11-28 17:00:00'),
(854, '1-ALEJANDRA', 'ALEJANDRA', '120A', '218.0', 99, 821, '4308', 99, NULL, '2023-11-29 10:00:00'),
(855, '2-ALEJANDRA', 'ALEJANDRA', '122A', '180.0', 82, 678, '3557', 91, NULL, '2023-11-29 10:00:00'),
(856, '3-ALEJANDRA', 'ALEJANDRA', '125A', '620.0', 47, 165, '865', 83, NULL, '2023-11-29 10:00:00'),
(857, '4-ALEJANDRA', 'ALEJANDRA', '139A', '180.0', 82, 678, '3557', 83, NULL, '2023-11-29 10:00:00'),
(858, '5-ALEJANDRA', 'ALEJANDRA', '143A', '180.0', 82, 678, '3557', 83, NULL, '2023-11-29 10:00:00'),
(859, '6-AMBAR', 'AMBAR', '105A', '0.0', 0, 0, '0', 83, NULL, '2023-11-29 10:00:00'),
(860, '7-AMBAR', 'AMBAR', '115A', '260.0', 82, 676, '3549', 83, NULL, '2023-11-29 10:00:00'),
(861, '8-AMBAR', 'AMBAR', '133A', '181.0', 57, 1746, '9168', 72, NULL, '2023-11-29 10:00:00'),
(862, '9-ANGELA', 'ANGELA', '127A', '50.0', 34, 602, '3159', 65, NULL, '2023-11-29 10:00:00'),
(863, '10-ANGELA', 'ANGELA', '131A', '0.0', 0, 0, '0', 65, NULL, '2023-11-29 10:00:00'),
(864, '11-ANGELA', 'ANGELA', '154A', '20.0', 10, 90, '475', 60, NULL, '2023-11-29 10:00:00'),
(865, '12-ARACELI', 'ARACELI', '107A', '60.0', 30, 706, '3708', 54, NULL, '2023-11-29 10:00:00'),
(866, '13-ARACELI', 'ARACELI', '148A', '60.0', 42, 498, '2617', 53, NULL, '2023-11-29 10:00:00'),
(867, '14-ARACELI', 'ARACELI', '168A', '80.0', 62, 661, '3470', 54, NULL, '2023-11-29 10:00:00'),
(868, '15-DOMINGO', 'DOMINGO', '111A', '60.0', 32, 223, '1170', 53, NULL, '2023-11-29 10:00:00'),
(869, '16-DOMINGO', 'DOMINGO', '114A', '106.0', 50, 394, '2067', 53, NULL, '2023-11-29 10:00:00'),
(870, '17-DOMINGO', 'DOMINGO', '130A', '240.0', 79, 624, '3276', 54, NULL, '2023-11-29 10:00:00'),
(871, '18-DOMINGO', 'DOMINGO', '138A', '95.0', 43, 353, '1852', 53, NULL, '2023-11-29 10:00:00'),
(872, '19-ELIAS', 'ELIAS', '101A', '20.0', 18, 643, '3375', 48, NULL, '2023-11-29 10:00:00'),
(873, '20-ELVIA', 'ELVIA', '110A', '30.0', 32, 529, '2776', 47, NULL, '2023-11-29 10:00:00'),
(874, '21-ELVIA', 'ELVIA', '123A', '120.0', 55, 452, '2371', 47, NULL, '2023-11-29 10:00:00'),
(875, '22-ELVIA', 'ELVIA', '158A', '15.0', 17, 159, '835', 46, NULL, '2023-11-29 10:00:00'),
(876, '23-FAUSTINO', 'FAUSTINO', '121A', '20.0', 15, 527, '2768', 42, NULL, '2023-11-29 10:00:00'),
(877, '24-FRANCISCO', 'FRANCISCO', '118A', '150.0', 68, 557, '2925', 43, NULL, '2023-11-29 10:00:00'),
(878, '25-FRANCISCO', 'FRANCISCO', '140A', '210.0', 66, 546, '2867', 43, NULL, '2023-11-29 10:00:00'),
(879, '26-FRANCISCO', 'FRANCISCO', '172A', '210.0', 95, 780, '4094', 45, NULL, '2023-11-29 10:00:00'),
(880, '27-GUADALUPE', 'GUADALUPE', '147A', '150.0', 47, 390, '2048', 45, NULL, '2023-11-29 10:00:00'),
(881, '28-GUADALUPE', 'GUADALUPE', '162A', '220.0', 69, 572, '3003', 45, NULL, '2023-11-29 10:00:00'),
(882, '29-HEIDI', 'HEIDI', '103A', '160.0', 83, 685, '3596', 46, NULL, '2023-11-29 10:00:00'),
(883, '30-HEIDI', 'HEIDI', '128A', '40.0', 21, 171, '899', 46, NULL, '2023-11-29 10:00:00'),
(884, '31-HEIDI', 'HEIDI', '152A', '120.0', 77, 636, '3339', 47, NULL, '2023-11-29 10:00:00'),
(885, '32-HEIDI', 'HEIDI', '167A', '240.0', 76, 624, '3276', 47, NULL, '2023-11-29 10:00:00'),
(886, '33-J.CARLOS', 'J.CARLOS', '113A', '60.0', 19, 156, '819', 47, NULL, '2023-11-29 10:00:00'),
(887, '34-J.CARLOS', 'J.CARLOS', '117A', '71.0', 22, 185, '969', 46, NULL, '2023-11-29 10:00:00'),
(888, '35-J.CARLOS', 'J.CARLOS', '124A', '60.0', 19, 156, '819', 45, NULL, '2023-11-29 10:00:00'),
(889, '36-J.CARLOS', 'J.CARLOS', '150A', '50.0', 23, 214, '1124', 45, NULL, '2023-11-29 10:00:00'),
(890, '37-LORENA', 'LORENA', '199A', '10.0', 7, 113, '592', 43, NULL, '2023-11-29 10:00:00'),
(891, '38-NOE', 'NOE', '141A', '40.0', 25, 666, '3495', 42, NULL, '2023-11-29 10:00:00'),
(892, '39-RAYMUNDO', 'RAYMUNDO', '151A', '68.0', 67, 236, '1237', 42, NULL, '2023-11-29 10:00:00'),
(893, '40-RAYMUNDO', 'RAYMUNDO', '830A', '1341.8', 80, 1221, '6410', 44, NULL, '2023-11-29 10:00:00'),
(934, '1-ALEJANDRA', 'ALEJANDRA', '120A', '327.0', 99, 1231, '4308', 99, NULL, '2023-11-29 11:00:00'),
(935, '2-ALEJANDRA', 'ALEJANDRA', '122A', '240.0', 73, 903, '3162', 86, NULL, '2023-11-29 11:00:00'),
(936, '3-ALEJANDRA', 'ALEJANDRA', '125A', '1800.0', 90, 478, '1675', 87, NULL, '2023-11-29 11:00:00'),
(937, '4-ALEJANDRA', 'ALEJANDRA', '139A', '240.0', 73, 903, '3162', 83, NULL, '2023-11-29 11:00:00'),
(938, '5-ALEJANDRA', 'ALEJANDRA', '143A', '240.0', 73, 903, '3162', 81, NULL, '2023-11-29 11:00:00'),
(939, '6-AMBAR', 'AMBAR', '105A', '0.0', 0, 0, '0', 81, NULL, '2023-11-29 11:00:00'),
(940, '7-AMBAR', 'AMBAR', '115A', '300.0', 63, 780, '2730', 77, NULL, '2023-11-29 11:00:00'),
(941, '8-AMBAR', 'AMBAR', '133A', '280.0', 59, 2701, '9455', 70, NULL, '2023-11-29 11:00:00'),
(942, '9-ANGELA', 'ANGELA', '127A', '60.0', 27, 722, '2527', 62, NULL, '2023-11-29 11:00:00'),
(943, '10-ANGELA', 'ANGELA', '131A', '0.0', 0, 0, '0', 62, NULL, '2023-11-29 11:00:00'),
(944, '11-ANGELA', 'ANGELA', '154A', '72.0', 23, 326, '1140', 58, NULL, '2023-11-29 11:00:00'),
(945, '12-ARACELI', 'ARACELI', '107A', '100.0', 33, 1177, '4120', 54, NULL, '2023-11-29 11:00:00'),
(946, '13-ARACELI', 'ARACELI', '148A', '100.0', 47, 831, '2907', 53, NULL, '2023-11-29 11:00:00'),
(947, '14-ARACELI', 'ARACELI', '168A', '120.0', 62, 991, '3470', 54, NULL, '2023-11-29 11:00:00'),
(948, '15-DOMINGO', 'DOMINGO', '111A', '180.0', 63, 668, '2340', 54, NULL, '2023-11-29 11:00:00'),
(949, '16-DOMINGO', 'DOMINGO', '114A', '175.0', 55, 650, '2275', 54, NULL, '2023-11-29 11:00:00'),
(950, '17-DOMINGO', 'DOMINGO', '130A', '400.0', 88, 1040, '3640', 56, NULL, '2023-11-29 11:00:00'),
(951, '18-DOMINGO', 'DOMINGO', '138A', '190.0', 57, 706, '2470', 56, NULL, '2023-11-29 11:00:00'),
(952, '19-ELIAS', 'ELIAS', '101A', '40.0', 24, 1286, '4500', 51, NULL, '2023-11-29 11:00:00'),
(953, '20-ELVIA', 'ELVIA', '110A', '50.0', 36, 881, '3084', 50, NULL, '2023-11-29 11:00:00'),
(954, '21-ELVIA', 'ELVIA', '123A', '220.0', 67, 828, '2898', 50, NULL, '2023-11-29 11:00:00'),
(955, '22-ELVIA', 'ELVIA', '158A', '20.0', 15, 212, '742', 49, NULL, '2023-11-29 11:00:00'),
(956, '23-FAUSTINO', 'FAUSTINO', '121A', '20.0', 10, 527, '1845', 44, NULL, '2023-11-29 11:00:00'),
(957, '24-FRANCISCO', 'FRANCISCO', '118A', '180.0', 54, 668, '2340', 44, NULL, '2023-11-29 11:00:00'),
(958, '25-FRANCISCO', 'FRANCISCO', '140A', '300.0', 63, 780, '2730', 45, NULL, '2023-11-29 11:00:00'),
(959, '26-FRANCISCO', 'FRANCISCO', '172A', '330.0', 99, 1226, '4289', 46, NULL, '2023-11-29 11:00:00'),
(960, '27-GUADALUPE', 'GUADALUPE', '147A', '240.0', 51, 624, '2184', 47, NULL, '2023-11-29 11:00:00'),
(961, '28-GUADALUPE', 'GUADALUPE', '162A', '310.0', 65, 806, '2821', 47, NULL, '2023-11-29 11:00:00'),
(962, '29-HEIDI', 'HEIDI', '103A', '240.0', 83, 1028, '3596', 48, NULL, '2023-11-29 11:00:00'),
(963, '30-HEIDI', 'HEIDI', '128A', '80.0', 28, 343, '1199', 47, NULL, '2023-11-29 11:00:00'),
(964, '31-HEIDI', 'HEIDI', '152A', '180.0', 77, 954, '3339', 48, NULL, '2023-11-29 11:00:00'),
(965, '32-HEIDI', 'HEIDI', '167A', '360.0', 76, 936, '3276', 49, NULL, '2023-11-29 11:00:00'),
(966, '33-J.CARLOS', 'J.CARLOS', '113A', '180.0', 38, 468, '1638', 48, NULL, '2023-11-29 11:00:00'),
(967, '34-J.CARLOS', 'J.CARLOS', '117A', '120.0', 25, 312, '1092', 48, NULL, '2023-11-29 11:00:00'),
(968, '35-J.CARLOS', 'J.CARLOS', '124A', '104.0', 22, 270, '946', 47, NULL, '2023-11-29 11:00:00'),
(969, '36-J.CARLOS', 'J.CARLOS', '150A', '70.0', 21, 300, '1049', 47, NULL, '2023-11-29 11:00:00'),
(970, '37-LORENA', 'LORENA', '199A', '30.0', 14, 338, '1185', 45, NULL, '2023-11-29 11:00:00'),
(971, '38-NOE', 'NOE', '141A', '60.0', 25, 999, '3495', 44, NULL, '2023-11-29 11:00:00'),
(972, '39-RAYMUNDO', 'RAYMUNDO', '151A', '102.0', 67, 353, '1237', 44, NULL, '2023-11-29 11:00:00'),
(973, '40-RAYMUNDO', 'RAYMUNDO', '830A', '2233.0', 89, 2032, '7112', 46, NULL, '2023-11-29 11:00:00'),
(974, '1-ALEJANDRA', 'ALEJANDRA', '120A', '590.0', 98, 2221, '4240', 98, NULL, '2023-11-29 14:00:00'),
(975, '2-ALEJANDRA', 'ALEJANDRA', '122A', '530.0', 88, 1995, '3808', 93, NULL, '2023-11-29 14:00:00'),
(976, '3-ALEJANDRA', 'ALEJANDRA', '125A', '2640.0', 72, 702, '1340', 89, NULL, '2023-11-29 14:00:00'),
(977, '4-ALEJANDRA', 'ALEJANDRA', '139A', '480.0', 80, 1807, '3449', 86, NULL, '2023-11-29 14:00:00'),
(978, '5-ALEJANDRA', 'ALEJANDRA', '143A', '490.0', 81, 1844, '3521', 85, NULL, '2023-11-29 14:00:00'),
(979, '6-AMBAR', 'AMBAR', '105A', '0.0', 0, 0, '0', 85, NULL, '2023-11-29 14:00:00'),
(980, '7-AMBAR', 'AMBAR', '115A', '504.0', 58, 1311, '2502', 80, NULL, '2023-11-29 14:00:00'),
(981, '8-AMBAR', 'AMBAR', '133A', '450.0', 51, 4341, '8288', 69, NULL, '2023-11-29 14:00:00'),
(983, '10-ANGELA', 'ANGELA', '131A', '0.0', 0, 0, '0', 63, NULL, '2023-11-29 14:00:00'),
(984, '11-ANGELA', 'ANGELA', '154A', '136.0', 24, 615, '1175', 60, NULL, '2023-11-29 14:00:00'),
(985, '12-ARACELI', 'ARACELI', '107A', '180.0', 33, 2119, '4045', 55, NULL, '2023-11-29 14:00:00'),
(987, '14-ARACELI', 'ARACELI', '168A', '240.0', 68, 1983, '3785', 55, NULL, '2023-11-29 14:00:00'),
(988, '15-DOMINGO', 'DOMINGO', '111A', '420.0', 80, 1560, '2978', 57, NULL, '2023-11-29 14:00:00'),
(989, '16-DOMINGO', 'DOMINGO', '114A', '332.0', 57, 1233, '2354', 57, NULL, '2023-11-29 14:00:00'),
(990, '17-DOMINGO', 'DOMINGO', '130A', '739.0', 88, 1922, '3668', 58, NULL, '2023-11-29 14:00:00'),
(991, '18-DOMINGO', 'DOMINGO', '138A', '420.0', 69, 1560, '2978', 59, NULL, '2023-11-29 14:00:00'),
(992, '19-ELIAS', 'ELIAS', '101A', '100.0', 33, 3214, '6136', 54, NULL, '2023-11-29 14:00:00'),
(993, '20-ELVIA', 'ELVIA', '110A', '110.0', 43, 1939, '3701', 54, NULL, '2023-11-29 14:00:00'),
(994, '21-ELVIA', 'ELVIA', '123A', '470.0', 78, 1769, '3377', 54, NULL, '2023-11-29 14:00:00'),
(995, '22-ELVIA', 'ELVIA', '158A', '71.0', 29, 753, '1437', 53, NULL, '2023-11-29 14:00:00'),
(996, '23-FAUSTINO', 'FAUSTINO', '121A', '100.0', 28, 2636, '5032', 50, NULL, '2023-11-29 14:00:00'),
(997, '24-FRANCISCO', 'FRANCISCO', '118A', '311.0', 51, 1155, '2205', 50, NULL, '2023-11-29 14:00:00'),
(998, '25-FRANCISCO', 'FRANCISCO', '140A', '660.0', 76, 1716, '3276', 51, NULL, '2023-11-29 14:00:00'),
(999, '26-FRANCISCO', 'FRANCISCO', '172A', '660.0', 108, 2451, '4679', 53, NULL, '2023-11-29 14:00:00'),
(1000, '27-GUADALUPE', 'GUADALUPE', '147A', '600.0', 69, 1560, '2978', 53, NULL, '2023-11-29 14:00:00'),
(1001, '28-GUADALUPE', 'GUADALUPE', '162A', '600.0', 69, 1560, '2978', 53, NULL, '2023-11-29 14:00:00'),
(1002, '29-HEIDI', 'HEIDI', '103A', '420.0', 79, 1798, '3433', 54, NULL, '2023-11-29 14:00:00'),
(1003, '30-HEIDI', 'HEIDI', '128A', '260.0', 49, 1113, '2125', 54, NULL, '2023-11-29 14:00:00'),
(1004, '31-HEIDI', 'HEIDI', '152A', '420.0', 98, 2226, '4249', 55, NULL, '2023-11-29 14:00:00'),
(1005, '32-HEIDI', 'HEIDI', '167A', '780.0', 90, 2028, '3872', 56, NULL, '2023-11-29 14:00:00'),
(1006, '33-J.CARLOS', 'J.CARLOS', '113A', '360.0', 41, 936, '1787', 55, NULL, '2023-11-29 14:00:00'),
(1007, '34-J.CARLOS', 'J.CARLOS', '117A', '300.0', 34, 780, '1489', 55, NULL, '2023-11-29 14:00:00'),
(1008, '35-J.CARLOS', 'J.CARLOS', '124A', '170.0', 20, 442, '844', 54, NULL, '2023-11-29 14:00:00'),
(1009, '36-J.CARLOS', 'J.CARLOS', '150A', '120.0', 20, 514, '981', 53, NULL, '2023-11-29 14:00:00'),
(1010, '37-LORENA', 'LORENA', '199A', '110.0', 27, 1241, '2369', 52, NULL, '2023-11-29 14:00:00'),
(1011, '38-NOE', 'NOE', '141A', '130.0', 29, 2164, '4130', 51, NULL, '2023-11-29 14:00:00'),
(1012, '39-RAYMUNDO', 'RAYMUNDO', '151A', '220.0', 79, 762, '1455', 51, NULL, '2023-11-29 14:00:00'),
(1013, '40-RAYMUNDO', 'RAYMUNDO', '830A', '4239.6', 92, 3858, '7365', 53, NULL, '2023-11-29 14:00:00'),
(1014, '9-ANGELA', 'ANGELA', '127A', '168.0', 35, 2022, '3860', 35, NULL, '2023-11-29 14:00:00'),
(1015, '13-ARACELI', 'ARACELI', '148A', '200.0', 47, 1661, '3172', 39, NULL, '2023-11-29 14:00:00'),
(1016, '1-ALEJANDRA', 'ALEJANDRA', '120A', '929.0', 100, 3497, '4320', 100, NULL, '2023-11-29 17:00:00'),
(1017, '2-ALEJANDRA', 'ALEJANDRA', '122A', '900.0', 97, 3388, '4185', 98, NULL, '2023-11-29 17:00:00'),
(1018, '3-ALEJANDRA', 'ALEJANDRA', '125A', '5100.0', 90, 1356, '1675', 97, NULL, '2023-11-29 17:00:00'),
(1019, '4-ALEJANDRA', 'ALEJANDRA', '139A', '816.0', 88, 3071, '3794', 94, NULL, '2023-11-29 17:00:00'),
(1020, '5-ALEJANDRA', 'ALEJANDRA', '143A', '840.0', 90, 3162, '3906', 93, NULL, '2023-11-29 17:00:00'),
(1021, '6-AMBAR', 'AMBAR', '105A', '0.0', 0, 0, '0', 93, NULL, '2023-11-29 17:00:00'),
(1022, '7-AMBAR', 'AMBAR', '115A', '754.0', 56, 1961, '2422', 86, NULL, '2023-11-29 17:00:00'),
(1023, '8-AMBAR', 'AMBAR', '133A', '776.0', 57, 7486, '9248', 75, NULL, '2023-11-29 17:00:00'),
(1024, '9-ANGELA', 'ANGELA', '127A', '248.0', 33, 2984, '3687', 66, NULL, '2023-11-29 17:00:00'),
(1025, '10-ANGELA', 'ANGELA', '131A', '0.0', 0, 0, '0', 66, NULL, '2023-11-29 17:00:00'),
(1026, '11-ANGELA', 'ANGELA', '154A', '150.0', 17, 679, '838', 61, NULL, '2023-11-29 17:00:00'),
(1027, '12-ARACELI', 'ARACELI', '107A', '270.0', 32, 3179, '3926', 56, NULL, '2023-11-29 17:00:00'),
(1028, '13-ARACELI', 'ARACELI', '148A', '400.0', 60, 3323, '4104', 56, NULL, '2023-11-29 17:00:00'),
(1029, '14-ARACELI', 'ARACELI', '168A', '360.0', 66, 2974, '3674', 57, NULL, '2023-11-29 17:00:00'),
(1030, '15-DOMINGO', 'DOMINGO', '111A', '655.0', 81, 2433, '3005', 58, NULL, '2023-11-29 17:00:00'),
(1031, '16-DOMINGO', 'DOMINGO', '114A', '462.0', 51, 1716, '2119', 58, NULL, '2023-11-29 17:00:00'),
(1032, '17-DOMINGO', 'DOMINGO', '130A', '1171.0', 91, 3045, '3761', 59, NULL, '2023-11-29 17:00:00'),
(1033, '18-DOMINGO', 'DOMINGO', '138A', '640.0', 68, 2377, '2936', 60, NULL, '2023-11-29 17:00:00'),
(1034, '19-ELIAS', 'ELIAS', '101A', '160.0', 34, 5142, '6352', 55, NULL, '2023-11-29 17:00:00'),
(1035, '20-ELVIA', 'ELVIA', '110A', '124.0', 31, 2186, '2700', 54, NULL, '2023-11-29 17:00:00'),
(1036, '21-ELVIA', 'ELVIA', '123A', '780.0', 84, 2936, '3627', 55, NULL, '2023-11-29 17:00:00'),
(1037, '22-ELVIA', 'ELVIA', '158A', '100.0', 27, 1060, '1309', 54, NULL, '2023-11-29 17:00:00'),
(1038, '23-FAUSTINO', 'FAUSTINO', '121A', '150.0', 27, 3954, '4884', 51, NULL, '2023-11-29 17:00:00'),
(1039, '24-FRANCISCO', 'FRANCISCO', '118A', '540.0', 57, 2005, '2477', 51, NULL, '2023-11-29 17:00:00'),
(1040, '25-FRANCISCO', 'FRANCISCO', '140A', '900.0', 67, 2340, '2891', 51, NULL, '2023-11-29 17:00:00'),
(1041, '26-FRANCISCO', 'FRANCISCO', '172A', '1020.0', 108, 3788, '4679', 53, NULL, '2023-11-29 17:00:00'),
(1042, '27-GUADALUPE', 'GUADALUPE', '147A', '858.0', 64, 2231, '2756', 53, NULL, '2023-11-29 17:00:00'),
(1043, '28-GUADALUPE', 'GUADALUPE', '162A', '900.0', 67, 2340, '2891', 53, NULL, '2023-11-29 17:00:00'),
(1044, '29-HEIDI', 'HEIDI', '103A', '700.0', 86, 2997, '3702', 54, NULL, '2023-11-29 17:00:00'),
(1045, '30-HEIDI', 'HEIDI', '128A', '500.0', 61, 2141, '2644', 54, NULL, '2023-11-29 17:00:00'),
(1046, '31-HEIDI', 'HEIDI', '152A', '751.0', 114, 3980, '4916', 56, NULL, '2023-11-29 17:00:00'),
(1047, '32-HEIDI', 'HEIDI', '167A', '1140.0', 85, 2964, '3662', 56, NULL, '2023-11-29 17:00:00'),
(1048, '33-J.CARLOS', 'J.CARLOS', '113A', '660.0', 49, 1716, '2120', 56, NULL, '2023-11-29 17:00:00'),
(1049, '34-J.CARLOS', 'J.CARLOS', '117A', '474.0', 35, 1232, '1522', 56, NULL, '2023-11-29 17:00:00'),
(1050, '35-J.CARLOS', 'J.CARLOS', '124A', '240.0', 18, 624, '771', 55, NULL, '2023-11-29 17:00:00'),
(1051, '36-J.CARLOS', 'J.CARLOS', '150A', '170.0', 18, 728, '899', 54, NULL, '2023-11-29 17:00:00'),
(1052, '37-LORENA', 'LORENA', '199A', '170.0', 27, 1918, '2369', 53, NULL, '2023-11-29 17:00:00'),
(1053, '38-NOE', 'NOE', '141A', '200.0', 29, 3329, '4112', 52, NULL, '2023-11-29 17:00:00'),
(1054, '39-RAYMUNDO', 'RAYMUNDO', '151A', '300.0', 69, 1039, '1284', 52, NULL, '2023-11-29 17:00:00'),
(1055, '40-RAYMUNDO', 'RAYMUNDO', '830A', '6019.8', 84, 5478, '6767', 53, NULL, '2023-11-29 17:00:00');

-- --------------------------------------------------------

--
-- Estructura de tabla para la tabla `produccion`
--

CREATE TABLE `produccion` (
  `id` int(11) NOT NULL,
  `nombre` varchar(50) NOT NULL DEFAULT '0',
  `modulo` varchar(50) NOT NULL DEFAULT '0',
  `planta` varchar(50) DEFAULT NULL,
  `estatus` varchar(50) DEFAULT NULL,
  `semana1` int(11) NOT NULL DEFAULT 0,
  `semana2` int(11) NOT NULL DEFAULT 0,
  `semana3` int(11) NOT NULL DEFAULT 0,
  `semana4` int(11) DEFAULT NULL,
  `semana5` int(11) DEFAULT NULL,
  `semana6` int(11) DEFAULT NULL,
  `semana7` int(11) DEFAULT NULL,
  `semana8` int(11) DEFAULT NULL,
  `semana9` int(11) DEFAULT NULL,
  `semana10` int(11) DEFAULT NULL,
  `semana11` int(11) DEFAULT NULL,
  `semana12` int(11) DEFAULT NULL,
  `semana13` int(11) DEFAULT NULL,
  `semana14` int(11) DEFAULT NULL,
  `semana15` int(11) DEFAULT NULL,
  `semana16` int(11) DEFAULT NULL,
  `semana17` int(11) DEFAULT NULL,
  `semana18` int(11) DEFAULT NULL,
  `semana19` int(11) DEFAULT NULL,
  `semana20` int(11) DEFAULT NULL,
  `semana21` int(11) DEFAULT NULL,
  `semana22` int(11) DEFAULT NULL,
  `semana23` int(11) DEFAULT NULL,
  `semana24` int(11) DEFAULT NULL,
  `semana25` int(11) DEFAULT NULL,
  `semana26` int(11) DEFAULT NULL,
  `semana27` int(11) DEFAULT NULL,
  `semana28` int(11) DEFAULT NULL,
  `semana29` int(11) DEFAULT NULL,
  `semana30` int(11) DEFAULT NULL,
  `semana31` int(11) DEFAULT NULL,
  `semana32` int(11) DEFAULT NULL,
  `semana33` int(11) DEFAULT NULL,
  `semana34` int(11) DEFAULT NULL,
  `semana35` int(11) DEFAULT NULL,
  `semana36` int(11) DEFAULT NULL,
  `semana37` int(11) DEFAULT NULL,
  `semana38` int(11) DEFAULT NULL,
  `semana39` int(11) DEFAULT NULL,
  `semana40` int(11) DEFAULT NULL,
  `semana41` int(11) DEFAULT NULL,
  `semana42` int(11) DEFAULT NULL,
  `semana43` int(11) DEFAULT NULL,
  `semana44` int(11) DEFAULT NULL,
  `semana45` int(11) DEFAULT NULL,
  `semana46` int(11) DEFAULT NULL,
  `semana47` int(11) DEFAULT NULL,
  `semana48` int(11) DEFAULT NULL,
  `semana49` int(11) DEFAULT NULL,
  `semana50` int(11) DEFAULT NULL,
  `semana51` int(11) DEFAULT NULL,
  `semana52` int(11) DEFAULT NULL,
  `created_at` datetime DEFAULT NULL,
  `updated_at` datetime DEFAULT NULL
) ENGINE=InnoDB DEFAULT CHARSET=utf8mb4;

--
-- Volcado de datos para la tabla `produccion`
--

INSERT INTO `produccion` (`id`, `nombre`, `modulo`, `planta`, `estatus`, `semana1`, `semana2`, `semana3`, `semana4`, `semana5`, `semana6`, `semana7`, `semana8`, `semana9`, `semana10`, `semana11`, `semana12`, `semana13`, `semana14`, `semana15`, `semana16`, `semana17`, `semana18`, `semana19`, `semana20`, `semana21`, `semana22`, `semana23`, `semana24`, `semana25`, `semana26`, `semana27`, `semana28`, `semana29`, `semana30`, `semana31`, `semana32`, `semana33`, `semana34`, `semana35`, `semana36`, `semana37`, `semana38`, `semana39`, `semana40`, `semana41`, `semana42`, `semana43`, `semana44`, `semana45`, `semana46`, `semana47`, `semana48`, `semana49`, `semana50`, `semana51`, `semana52`, `created_at`, `updated_at`) VALUES
(2, 'ELIAS MELITON FLORENCIO', '101A', 'Intimark1', 'A', 0, 0, 0, 0, 0, 0, 0, 0, 0, 0, 0, 0, 0, 0, 0, 0, 0, 0, 0, 0, 0, 0, 0, 0, 0, 0, 0, 0, 0, 0, 0, 0, 0, 0, 0, 0, 0, 0, 0, 0, 5, 5, 4, 4, 6, 4, 6, 1, 5, 5, 0, 0, '2023-11-06 17:45:30', NULL),
(3, 'HEIDI MISCEL CORTEZ SANCHEZ', '103A', 'Intimark1', 'A', 0, 0, 0, 0, 0, 0, 0, 0, 0, 0, 0, 0, 0, 0, 0, 0, 0, 0, 0, 0, 0, 0, 0, 0, 0, 0, 0, 0, 0, 0, 0, 0, 0, 0, 0, 0, 0, 0, 0, 0, 3, 5, 4, 6, 6, 6, 6, 1, 0, 5, 0, 0, '2023-11-06 17:45:33', NULL),
(4, 'NOE MARTINEZ GUTIERREZ', '104A', 'Intimark1', 'B', 0, 0, 0, 0, 0, 0, 0, 0, 0, 0, 0, 0, 0, 0, 0, 0, 0, 0, 0, 0, 0, 0, 0, 0, 0, 0, 0, 0, 0, 0, 0, 0, 0, 0, 0, 0, 0, 0, 0, 0, 2, 5, 2, 2, 2, 7, 7, 0, 0, 0, 0, 0, '2023-11-06 17:45:35', NULL),
(5, 'NOE MARTINEZ GUTIERREZ', '105A', 'Intimark1', 'A', 0, 0, 0, 0, 0, 0, 0, 0, 0, 0, 0, 0, 0, 0, 0, 0, 0, 0, 0, 0, 0, 0, 0, 0, 0, 0, 0, 0, 0, 0, 0, 0, 0, 0, 0, 0, 0, 0, 0, 0, 3, 2, 2, 2, 2, 2, 5, 1, 0, 3, 0, 0, '2023-11-06 17:45:29', NULL),
(6, 'ARACELI LARA MEDELLIN', '107A', 'Intimark1', 'A', 0, 0, 0, 0, 0, 0, 0, 0, 0, 0, 0, 0, 0, 0, 0, 0, 0, 0, 0, 0, 0, 0, 0, 0, 0, 0, 0, 0, 0, 0, 0, 0, 0, 0, 0, 0, 0, 0, 0, 0, 4, 5, 6, 5, 4, 6, 6, 1, 0, 3, 0, 0, '2023-11-06 17:46:01', NULL),
(7, 'ELVIA GONZALEZ ALEJO', '110A', 'Intimark1', 'A', 0, 0, 0, 0, 0, 0, 0, 0, 0, 0, 0, 0, 0, 0, 0, 0, 0, 0, 0, 0, 0, 0, 0, 0, 0, 0, 0, 0, 0, 0, 0, 0, 0, 0, 0, 0, 0, 0, 0, 0, 5, 4, 2, 2, 4, 6, 5, 1, 0, 3, 0, 0, '2023-11-06 17:45:50', NULL),
(8, 'DOMINGO MATEO SAMANO', '112A', 'Intimark1', 'A', 0, 0, 0, 0, 0, 0, 0, 0, 0, 0, 0, 0, 0, 0, 0, 0, 0, 0, 0, 0, 0, 0, 0, 0, 0, 0, 0, 0, 0, 0, 0, 0, 0, 0, 0, 0, 0, 0, 0, 0, 3, 2, 3, 4, 4, 0, 0, 2, 0, 3, 0, 0, '2023-11-06 17:45:50', NULL),
(9, 'AMBAR DE LOS ANGELES MENDOZA AGUILAR', '115A', 'Intimark1', 'A', 0, 0, 0, 0, 0, 0, 0, 0, 0, 0, 0, 0, 0, 0, 0, 0, 0, 0, 0, 0, 0, 0, 0, 0, 0, 0, 0, 0, 0, 0, 0, 0, 0, 0, 0, 0, 0, 0, 0, 0, 4, 3, 5, 5, 3, 3, 5, 2, 0, 2, 0, 0, '2023-11-06 17:45:32', NULL),
(10, 'HEIDI MISCEL CORTEZ SANCHEZ', '117A', 'Intimark1', 'B', 0, 0, 0, 0, 0, 0, 0, 0, 0, 0, 0, 0, 0, 0, 0, 0, 0, 0, 0, 0, 0, 0, 0, 0, 0, 0, 0, 0, 0, 0, 0, 0, 0, 0, 0, 0, 0, 0, 0, 0, 5, 4, 4, 0, 0, 7, 0, 0, 0, 0, 0, 0, '2023-11-06 17:45:33', NULL),
(11, 'NOE MARTINEZ GUTIERREZ', '118A', 'Intimark1', 'A', 0, 0, 0, 0, 0, 0, 0, 0, 0, 0, 0, 0, 0, 0, 0, 0, 0, 0, 0, 0, 0, 0, 0, 0, 0, 0, 0, 0, 0, 0, 0, 0, 0, 0, 0, 0, 0, 0, 0, 0, 4, 2, 2, 2, 4, 2, 5, 3, 0, 2, 0, 0, '2023-11-06 17:45:51', NULL),
(12, 'AMBAR DE LOS ANGELES MENDOZA AGUILAR', '119A', 'Intimark1', 'B', 0, 0, 0, 0, 0, 0, 0, 0, 0, 0, 0, 0, 0, 0, 0, 0, 0, 0, 0, 0, 0, 0, 0, 0, 0, 0, 0, 0, 0, 0, 0, 0, 0, 0, 0, 0, 0, 0, 0, 0, 4, 0, 0, 7, 0, 7, 0, 7, 0, 0, 0, 0, '2023-11-06 17:45:52', NULL),
(13, 'ALEJANDRA PEREZ BAHENA', '120A', 'Intimark1', 'A', 0, 0, 0, 0, 0, 0, 0, 0, 0, 0, 0, 0, 0, 0, 0, 0, 0, 0, 0, 0, 0, 0, 0, 0, 0, 0, 0, 0, 0, 0, 0, 0, 0, 0, 0, 0, 0, 0, 0, 0, 3, 2, 2, 5, 4, 3, 4, 3, 0, 2, 0, 0, '2023-11-06 17:45:53', NULL),
(14, 'JOSE FAUSTINO MORALES SEGUNDO', '121A', 'Intimark1', 'A', 0, 0, 0, 0, 0, 0, 0, 0, 0, 0, 0, 0, 0, 0, 0, 0, 0, 0, 0, 0, 0, 0, 0, 0, 0, 0, 0, 0, 0, 0, 0, 0, 0, 0, 0, 0, 0, 0, 0, 0, 5, 5, 5, 6, 6, 6, 4, 3, 0, 4, 0, 0, '2023-11-06 17:45:53', NULL),
(15, 'ALEJANDRA PEREZ BAHENA', '122A', 'Intimark1', 'A', 0, 0, 0, 0, 0, 0, 0, 0, 0, 0, 0, 0, 0, 0, 0, 0, 0, 0, 0, 0, 0, 0, 0, 0, 0, 0, 0, 0, 0, 0, 0, 0, 0, 0, 0, 0, 0, 0, 0, 0, 7, 4, 3, 6, 4, 6, 6, 3, 0, 4, 0, 0, '2023-11-06 17:45:55', NULL),
(16, 'ELVIA GONZALEZ ALEJO', '123A', 'Intimark1', 'A', 0, 0, 0, 0, 0, 0, 0, 0, 0, 0, 0, 0, 0, 0, 0, 0, 0, 0, 0, 0, 0, 0, 0, 0, 0, 0, 0, 0, 0, 0, 0, 0, 0, 0, 0, 0, 0, 0, 0, 0, 4, 3, 5, 5, 4, 5, 5, 3, 0, 4, 0, 0, '2023-11-06 17:45:54', NULL),
(17, 'NOE MARTINEZ GUTIERREZ', '124A', 'Intimark1', 'B', 0, 0, 0, 0, 0, 0, 0, 0, 0, 0, 0, 0, 0, 0, 0, 0, 0, 0, 0, 0, 0, 0, 0, 0, 0, 0, 0, 0, 0, 0, 0, 0, 0, 0, 0, 0, 0, 0, 0, 0, 5, 4, 2, 2, 4, 0, 0, 3, 0, 0, 0, 0, '2023-11-06 17:45:29', NULL),
(18, 'ALEJANDRA PEREZ BAHENA', '125A', 'Intimark1', 'A', 0, 0, 0, 0, 0, 0, 0, 0, 0, 0, 0, 0, 0, 0, 0, 0, 0, 0, 0, 0, 0, 0, 0, 0, 0, 0, 0, 0, 0, 0, 0, 0, 0, 0, 0, 0, 0, 0, 0, 0, 2, 1, 5, 2, 2, 3, 1, 4, 0, 4, 0, 0, '2023-11-06 17:45:45', NULL),
(19, 'NOE MARTINEZ GUTIERREZ', '126A', 'Intimark1', 'B', 0, 0, 0, 0, 0, 0, 0, 0, 0, 0, 0, 0, 0, 0, 0, 0, 0, 0, 0, 0, 0, 0, 0, 0, 0, 0, 0, 0, 0, 0, 0, 0, 0, 0, 0, 0, 0, 0, 0, 0, 4, 4, 3, 0, 0, 0, 0, 0, 0, 0, 0, 0, '2023-11-06 17:45:57', NULL),
(20, 'ANGELA GONZALEZ GERVACIO', '127A', 'Intimark1', 'A', 0, 0, 0, 0, 0, 0, 0, 0, 0, 0, 0, 0, 0, 0, 0, 0, 0, 0, 0, 0, 0, 0, 0, 0, 0, 0, 0, 0, 0, 0, 0, 0, 0, 0, 0, 0, 0, 0, 0, 0, 4, 1, 2, 2, 6, 6, 5, 4, 0, 0, 0, 0, '2023-11-06 17:45:55', NULL),
(21, 'HEIDI MISCEL CORTEZ SANCHEZ', '128A', 'Intimark1', 'A', 0, 0, 0, 0, 0, 0, 0, 0, 0, 0, 0, 0, 0, 0, 0, 0, 0, 0, 0, 0, 0, 0, 0, 0, 0, 0, 0, 0, 0, 0, 0, 0, 0, 0, 0, 0, 0, 0, 0, 0, 4, 4, 4, 6, 6, 6, 2, 4, 0, 0, 0, 0, '2023-11-06 17:45:59', NULL),
(22, 'DOMINGO MATEO SAMANO', '130A', 'Intimark1', 'A', 0, 0, 0, 0, 0, 0, 0, 0, 0, 0, 0, 0, 0, 0, 0, 0, 0, 0, 0, 0, 0, 0, 0, 0, 0, 0, 0, 0, 0, 0, 0, 0, 0, 0, 0, 0, 0, 0, 0, 0, 5, 5, 6, 6, 6, 6, 6, 4, 0, 0, 0, 0, '2023-11-06 17:45:32', NULL),
(23, 'FRANCISCO JERONIMO CHAVEZ', '131A', 'Intimark1', 'A', 0, 0, 0, 0, 0, 0, 0, 0, 0, 0, 0, 0, 0, 0, 0, 0, 0, 0, 0, 0, 0, 0, 0, 0, 0, 0, 0, 0, 0, 0, 0, 0, 0, 0, 0, 0, 0, 0, 0, 0, 3, 5, 2, 4, 6, 6, 6, 4, 0, 0, 0, 0, '2023-11-06 17:45:59', NULL),
(24, 'AMBAR DE LOS ANGELES MENDOZA AGUILAR', '133A', 'Intimark1', 'A', 0, 0, 0, 0, 0, 0, 0, 0, 0, 0, 0, 0, 0, 0, 0, 0, 0, 0, 0, 0, 0, 0, 0, 0, 0, 0, 0, 0, 0, 0, 0, 0, 0, 0, 0, 0, 0, 0, 0, 0, 4, 4, 4, 6, 6, 5, 6, 5, 0, 0, 0, 0, '2023-11-06 17:45:58', NULL),
(25, 'ANGELA GONZALEZ GERVACIO', '135A', 'Intimark1', 'B', 0, 0, 0, 0, 0, 0, 0, 0, 0, 0, 0, 0, 0, 0, 0, 0, 0, 0, 0, 0, 0, 0, 0, 0, 0, 0, 0, 0, 0, 0, 0, 0, 0, 0, 0, 0, 0, 0, 0, 0, 4, 1, 2, 5, 0, 0, 0, 0, 0, 0, 0, 0, '2023-11-06 17:46:00', NULL),
(26, 'GUADALUPE JOSE MARTINEZ', '136A', 'Intimark1', 'B', 0, 0, 0, 0, 0, 0, 0, 0, 0, 0, 0, 0, 0, 0, 0, 0, 0, 0, 0, 0, 0, 0, 0, 0, 0, 0, 0, 0, 0, 0, 0, 0, 0, 0, 0, 0, 0, 0, 0, 0, 5, 0, 0, 0, 0, 0, 0, 0, 0, 0, 0, 0, '2023-11-06 17:46:02', NULL),
(27, 'DOMINGO MATEO SAMANO', '138A', 'Intimark1', 'A', 0, 0, 0, 0, 0, 0, 0, 0, 0, 0, 0, 0, 0, 0, 0, 0, 0, 0, 0, 0, 0, 0, 0, 0, 0, 0, 0, 0, 0, 0, 0, 0, 0, 0, 0, 0, 0, 0, 0, 0, 4, 5, 4, 6, 6, 5, 4, 5, 0, 0, 0, 0, '2023-11-06 17:45:48', NULL),
(28, 'HEIDI MISCEL CORTEZ SANCHEZ', '139A', 'Intimark1', 'A', 0, 0, 0, 0, 0, 0, 0, 0, 0, 0, 0, 0, 0, 0, 0, 0, 0, 0, 0, 0, 0, 0, 0, 0, 0, 0, 0, 0, 0, 0, 0, 0, 0, 0, 0, 0, 0, 0, 0, 0, 2, 2, 2, 2, 3, 5, 6, 5, 0, 0, 0, 0, '2023-11-06 17:45:34', NULL),
(29, 'ALEJANDRA PEREZ BAHENA', '143A', 'Intimark1', 'A', 0, 0, 0, 0, 0, 0, 0, 0, 0, 0, 0, 0, 0, 0, 0, 0, 0, 0, 0, 0, 0, 0, 0, 0, 0, 0, 0, 0, 0, 0, 0, 0, 0, 0, 0, 0, 0, 0, 0, 0, 0, 3, 3, 2, 2, 2, 2, 6, 0, 0, 0, 0, '2023-11-06 17:45:37', NULL),
(30, 'AMBAR DE LOS ANGELES MENDOZA AGUILAR', '140A', 'Intimark1', 'A', 0, 0, 0, 0, 0, 0, 0, 0, 0, 0, 0, 0, 0, 0, 0, 0, 0, 0, 0, 0, 0, 0, 0, 0, 0, 0, 0, 0, 0, 0, 0, 0, 0, 0, 0, 0, 0, 0, 0, 0, 2, 2, 5, 5, 6, 6, 4, 5, 0, 0, 0, 0, '2023-11-06 17:45:37', NULL),
(31, 'ELIAS MELITON FLORENCIO', '146A', 'Intimark1', 'B', 0, 0, 0, 0, 0, 0, 0, 0, 0, 0, 0, 0, 0, 0, 0, 0, 0, 0, 0, 0, 0, 0, 0, 0, 0, 0, 0, 0, 0, 0, 0, 0, 0, 0, 0, 0, 0, 0, 0, 0, 5, 7, 0, 0, 0, 0, 7, 0, 0, 0, 0, 0, '2023-11-06 17:45:36', NULL),
(32, 'ALEJANDRA PEREZ BAHENA', '147A', 'Intimark1', 'B', 0, 0, 0, 0, 0, 0, 0, 0, 0, 0, 0, 0, 0, 0, 0, 0, 0, 0, 0, 0, 0, 0, 0, 0, 0, 0, 0, 0, 0, 0, 0, 0, 0, 0, 0, 0, 0, 0, 0, 0, 5, 3, 2, 4, 0, 0, 0, 0, 0, 0, 0, 0, '2023-11-06 17:45:35', NULL),
(33, 'ARACELI LARA MEDELLIN', '148A', 'Intimark1', 'A', 0, 0, 0, 0, 0, 0, 0, 0, 0, 0, 0, 0, 0, 0, 0, 0, 0, 0, 0, 0, 0, 0, 0, 0, 0, 0, 0, 0, 0, 0, 0, 0, 0, 0, 0, 0, 0, 0, 0, 0, 0, 0, 7, 6, 6, 6, 4, 6, 0, 0, 0, 0, '2023-11-06 17:45:36', NULL),
(34, 'ELIAS MELITON FLORENCIO', '149A', 'Intimark1', 'B', 0, 0, 0, 0, 0, 0, 0, 0, 0, 0, 0, 0, 0, 0, 0, 0, 0, 0, 0, 0, 0, 0, 0, 0, 0, 0, 0, 0, 0, 0, 0, 0, 0, 0, 0, 0, 0, 0, 0, 0, 5, 0, 0, 7, 0, 0, 0, 0, 0, 0, 0, 0, '2023-11-06 17:45:31', NULL),
(35, 'HEIDI MISCEL CORTEZ SANCHEZ', '152A', 'Intimark1', 'A', 0, 0, 0, 0, 0, 0, 0, 0, 0, 0, 0, 0, 0, 0, 0, 0, 0, 0, 0, 0, 0, 0, 0, 0, 0, 0, 0, 0, 0, 0, 0, 0, 0, 0, 0, 0, 0, 0, 0, 0, 3, 2, 3, 2, 3, 3, 2, 7, 0, 0, 0, 0, '2023-11-06 17:45:38', NULL),
(36, 'GUADALUPE JOSE MARTINEZ', '162A', 'Intimark1', 'A', 0, 0, 0, 0, 0, 0, 0, 0, 0, 0, 0, 0, 0, 0, 0, 0, 0, 0, 0, 0, 0, 0, 0, 0, 0, 0, 0, 0, 0, 0, 0, 0, 0, 0, 0, 0, 0, 0, 0, 0, 5, 5, 4, 4, 6, 6, 5, 7, 0, 0, 0, 0, '2023-11-06 17:45:38', NULL),
(37, 'DOMINGO MATEO SAMANO', '164A', 'Intimark1', 'B', 0, 0, 0, 0, 0, 0, 0, 0, 0, 0, 0, 0, 0, 0, 0, 0, 0, 0, 0, 0, 0, 0, 0, 0, 0, 0, 0, 0, 0, 0, 0, 0, 0, 0, 0, 0, 0, 0, 0, 0, 3, 2, 5, 2, 4, 0, 0, 7, 0, 0, 0, 0, '2023-11-06 17:45:39', NULL),
(38, 'HEIDI MISCEL CORTEZ SANCHEZ', '167A', 'Intimark1', 'A', 0, 0, 0, 0, 0, 0, 0, 0, 0, 0, 0, 0, 0, 0, 0, 0, 0, 0, 0, 0, 0, 0, 0, 0, 0, 0, 0, 0, 0, 0, 0, 0, 0, 0, 0, 0, 0, 0, 0, 0, 5, 2, 5, 3, 3, 6, 4, 7, 0, 0, 0, 0, '2023-11-06 17:45:30', NULL),
(39, 'ARACELI LARA MEDELLIN', '168A', 'Intimark1', 'A', 0, 0, 0, 0, 0, 0, 0, 0, 0, 0, 0, 0, 0, 0, 0, 0, 0, 0, 0, 0, 0, 0, 0, 0, 0, 0, 0, 0, 0, 0, 0, 0, 0, 0, 0, 0, 0, 0, 0, 0, 4, 4, 6, 6, 4, 6, 6, 1, 0, 0, 0, 0, '2023-11-06 17:45:39', NULL),
(40, 'ALEJANDRA PEREZ BAHENA', '172A', 'Intimark1', 'A', 0, 0, 0, 0, 0, 0, 0, 0, 0, 0, 0, 0, 0, 0, 0, 0, 0, 0, 0, 0, 0, 0, 0, 0, 0, 0, 0, 0, 0, 0, 0, 0, 0, 0, 0, 0, 0, 0, 0, 0, 2, 2, 2, 2, 2, 2, 5, 1, 0, 0, 0, 0, '2023-11-06 17:45:40', NULL),
(41, 'JUAN CARLOS MARTINEZ', '111A', 'Intimark1', 'A', 0, 0, 0, 0, 0, 0, 0, 0, 0, 0, 0, 0, 0, 0, 0, 0, 0, 0, 0, 0, 0, 0, 0, 0, 0, 0, 0, 0, 0, 0, 0, 0, 0, 0, 0, 0, 0, 0, 0, 0, 7, 3, 0, 3, 4, 6, 6, 2, 0, 3, 0, 0, '2023-11-06 17:45:40', NULL),
(43, 'JUAN CARLOS MARTINEZ', '113A', 'Intimark1', 'A', 0, 0, 0, 0, 0, 0, 0, 0, 0, 0, 0, 0, 0, 0, 0, 0, 0, 0, 0, 0, 0, 0, 0, 0, 0, 0, 0, 0, 0, 0, 0, 0, 0, 0, 0, 0, 0, 0, 0, 0, 7, 0, 0, 3, 4, 0, 0, 2, 0, 3, 0, 0, '2023-11-06 12:53:34', NULL),
(44, 'JUAN CARLOS MARTINEZ', '150A', 'Intimark1', 'A', 0, 0, 0, 0, 0, 0, 0, 0, 0, 0, 0, 0, 0, 0, 0, 0, 0, 0, 0, 0, 0, 0, 0, 0, 0, 0, 0, 0, 0, 0, 0, 0, 0, 0, 0, 0, 0, 0, 0, 0, 7, 0, 0, 0, 6, 0, 4, 6, 0, 0, 0, 0, '2023-11-06 17:45:43', NULL),
(95, 'JUAN ELORREAGA', '201A', 'Intimark2', 'A', 0, 0, 0, 0, 0, 0, 0, 0, 0, 0, 0, 0, 0, 0, 0, 0, 0, 0, 0, 0, 0, 0, 0, 0, 0, 0, 0, 0, 0, 0, 0, 0, 0, 0, 0, 0, 0, 0, 0, 0, 2, 2, 2, 2, 3, 3, 3, 1, 4, 0, 0, 0, NULL, NULL),
(96, 'ROBERTO HDEZ', '202A', 'Intimark2', 'A', 0, 0, 0, 0, 0, 0, 0, 0, 0, 0, 0, 0, 0, 0, 0, 0, 0, 0, 0, 0, 0, 0, 0, 0, 0, 0, 0, 0, 0, 0, 0, 0, 0, 0, 0, 0, 0, 0, 0, 0, 3, 2, 1, 3, 1, 1, 3, 1, 0, 0, 0, 0, NULL, NULL),
(97, 'ROBERTO HDEZ', '203A', 'Intimark2', 'A', 0, 0, 0, 0, 0, 0, 0, 0, 0, 0, 0, 0, 0, 0, 0, 0, 0, 0, 0, 0, 0, 0, 0, 0, 0, 0, 0, 0, 0, 0, 0, 0, 0, 0, 0, 0, 0, 0, 0, 0, 3, 2, 1, 1, 2, 1, 3, 1, 0, 0, 0, 0, NULL, NULL),
(98, 'JUAN ELORREAGA', '204A', 'Intimark2', 'A', 0, 0, 0, 0, 0, 0, 0, 0, 0, 0, 0, 0, 0, 0, 0, 0, 0, 0, 0, 0, 0, 0, 0, 0, 0, 0, 0, 0, 0, 0, 0, 0, 0, 0, 0, 0, 0, 0, 0, 0, 3, 2, 2, 2, 3, 3, 2, 2, 0, 0, 0, 0, NULL, NULL),
(99, 'MARICELA GONZALEZ', '206A', 'Intimark2', 'A', 0, 0, 0, 0, 0, 0, 0, 0, 0, 0, 0, 0, 0, 0, 0, 0, 0, 0, 0, 0, 0, 0, 0, 0, 0, 0, 0, 0, 0, 0, 0, 0, 0, 0, 0, 0, 0, 0, 0, 0, 4, 3, 4, 2, 4, 4, 4, 2, 0, 0, 0, 0, NULL, NULL),
(100, 'ROBERTO HDEZ', '207A', 'Intimark2', 'A', 0, 0, 0, 0, 0, 0, 0, 0, 0, 0, 0, 0, 0, 0, 0, 0, 0, 0, 0, 0, 0, 0, 0, 0, 0, 0, 0, 0, 0, 0, 0, 0, 0, 0, 0, 0, 0, 0, 0, 0, 3, 1, 2, 3, 3, 3, 3, 2, 0, 0, 0, 0, NULL, NULL),
(101, 'JUAN ELORREAGA', '208A', 'Intimark2', 'B', 0, 0, 0, 0, 0, 0, 0, 0, 0, 0, 0, 0, 0, 0, 0, 0, 0, 0, 0, 0, 0, 0, 0, 0, 0, 0, 0, 0, 0, 0, 0, 0, 0, 0, 0, 0, 0, 0, 0, 0, 3, 0, 0, 0, 0, 0, 0, 0, 0, 0, 0, 0, NULL, NULL),
(102, 'ROBERTO HDEZ', '209A', 'Intimark2', 'A', 0, 0, 0, 0, 0, 0, 0, 0, 0, 0, 0, 0, 0, 0, 0, 0, 0, 0, 0, 0, 0, 0, 0, 0, 0, 0, 0, 0, 0, 0, 0, 0, 0, 0, 0, 0, 0, 0, 0, 0, 3, 3, 3, 3, 2, 2, 3, 3, 0, 0, 0, 0, NULL, NULL),
(103, 'MARGARITA BARRERA', '210A', 'Intimark2', 'A', 0, 0, 0, 0, 0, 0, 0, 0, 0, 0, 0, 0, 0, 0, 0, 0, 0, 0, 0, 0, 0, 0, 0, 0, 0, 0, 0, 0, 0, 0, 0, 0, 0, 0, 0, 0, 0, 0, 0, 0, 3, 3, 4, 3, 2, 3, 4, 3, 0, 0, 0, 0, NULL, NULL),
(104, 'MARICELA GONZALEZ', '211A', 'Intimark2', 'A', 0, 0, 0, 0, 0, 0, 0, 0, 0, 0, 0, 0, 0, 0, 0, 0, 0, 0, 0, 0, 0, 0, 0, 0, 0, 0, 0, 0, 0, 0, 0, 0, 0, 0, 0, 0, 0, 0, 0, 0, NULL, NULL, 0, 0, 4, 4, 5, 3, 0, 0, 0, 0, NULL, NULL),
(105, 'MARGARITA BARRERA', '215A', 'Intimark2', 'A', 0, 0, 0, 0, 0, 0, 0, 0, 0, 0, 0, 0, 0, 0, 0, 0, 0, 0, 0, 0, 0, 0, 0, 0, 0, 0, 0, 0, 0, 0, 0, 0, 0, 0, 0, 0, 0, 0, 0, 0, 3, 3, 3, 3, 2, 4, 5, 4, 0, 0, 0, 0, NULL, NULL),
(106, 'ROBERTO HDEZ', '219A', 'Intimark2', 'A', 0, 0, 0, 0, 0, 0, 0, 0, 0, 0, 0, 0, 0, 0, 0, 0, 0, 0, 0, 0, 0, 0, 0, 0, 0, 0, 0, 0, 0, 0, 0, 0, 0, 0, 0, 0, 0, 0, 0, 0, 3, 3, 3, 3, 3, 3, 3, 4, 0, 0, 0, 0, NULL, NULL),
(107, 'JUAN ELORREAGA', '227A', 'Intimark2', 'A', 0, 0, 0, 0, 0, 0, 0, 0, 0, 0, 0, 0, 0, 0, 0, 0, 0, 0, 0, 0, 0, 0, 0, 0, 0, 0, 0, 0, 0, 0, 0, 0, 0, 0, 0, 0, 0, 0, 0, 0, 2, 2, 1, 2, 2, 1, 1, 4, 0, 0, 0, 0, NULL, NULL),
(108, 'MARGARITA BARRERA', '228A', 'Intimark2', 'A', 0, 0, 0, 0, 0, 0, 0, 0, 0, 0, 0, 0, 0, 0, 0, 0, 0, 0, 0, 0, 0, 0, 0, 0, 0, 0, 0, 0, 0, 0, 0, 0, 0, 0, 0, 0, 0, 0, 0, 0, 3, 3, 4, 4, 5, 3, 4, 5, 0, 0, 0, 0, NULL, NULL),
(109, 'MARICELA GONZALEZ', '229A', 'Intimark2', 'A', 0, 0, 0, 0, 0, 0, 0, 0, 0, 0, 0, 0, 0, 0, 0, 0, 0, 0, 0, 0, 0, 0, 0, 0, 0, 0, 0, 0, 0, 0, 0, 0, 0, 0, 0, 0, 0, 0, 0, 0, 3, 4, 4, 2, 4, 4, 2, 5, 0, 0, 0, 0, NULL, NULL),
(110, 'ROBERTO HDEZ', '230A', 'Intimark2', 'A', 0, 0, 0, 0, 0, 0, 0, 0, 0, 0, 0, 0, 0, 0, 0, 0, 0, 0, 0, 0, 0, 0, 0, 0, 0, 0, 0, 0, 0, 0, 0, 0, 0, 0, 0, 0, 0, 0, 0, 0, 3, 2, 3, 2, 2, 3, 3, 5, 0, 0, 0, 0, NULL, NULL),
(111, 'MARGARITA BARRERA', '232A', 'Intimark2', 'A', 0, 0, 0, 0, 0, 0, 0, 0, 0, 0, 0, 0, 0, 0, 0, 0, 0, 0, 0, 0, 0, 0, 0, 0, 0, 0, 0, 0, 0, 0, 0, 0, 0, 0, 0, 0, 0, 0, 0, 0, 2, 3, 2, 2, 3, 2, 2, 6, 0, 0, 0, 0, NULL, NULL),
(112, 'MARICELA GONZALEZ', '233A', 'Intimark2', 'A', 0, 0, 0, 0, 0, 0, 0, 0, 0, 0, 0, 0, 0, 0, 0, 0, 0, 0, 0, 0, 0, 0, 0, 0, 0, 0, 0, 0, 0, 0, 0, 0, 0, 0, 0, 0, 0, 0, 0, 0, 2, 2, 3, 4, 4, 4, 3, 6, 0, 0, 0, 0, NULL, NULL),
(113, 'MARGARITA BARRERA', '234A', 'Intimark2', 'A', 0, 0, 0, 0, 0, 0, 0, 0, 0, 0, 0, 0, 0, 0, 0, 0, 0, 0, 0, 0, 0, 0, 0, 0, 0, 0, 0, 0, 0, 0, 0, 0, 0, 0, 0, 0, 0, 0, 0, 0, 3, 2, 3, 3, 3, 3, 3, 6, 0, 0, 0, 0, NULL, NULL),
(114, 'JUAN ELORREAGA', '236A', 'Intimark2', 'A', 0, 0, 0, 0, 0, 0, 0, 0, 0, 0, 0, 0, 0, 0, 0, 0, 0, 0, 0, 0, 0, 0, 0, 0, 0, 0, 0, 0, 0, 0, 0, 0, 0, 0, 0, 0, 0, 0, 0, 0, 3, 2, 2, 2, 2, 2, 2, 7, 0, 0, 0, 0, NULL, NULL),
(115, 'MARICELA GONZALEZ', '239A', 'Intimark2', 'A', 0, 0, 0, 0, 0, 0, 0, 0, 0, 0, 0, 0, 0, 0, 0, 0, 0, 0, 0, 0, 0, 0, 0, 0, 0, 0, 0, 0, 0, 0, 0, 0, 0, 0, 0, 0, 0, 0, 0, 0, 3, 4, 5, 3, 4, 4, 4, 7, 0, 0, 0, 0, NULL, NULL),
(116, 'SOYUKI MIRANDA', '240A', 'Intimark2', 'A', 0, 0, 0, 0, 0, 0, 0, 0, 0, 0, 0, 0, 0, 0, 0, 0, 0, 0, 0, 0, 0, 0, 0, 0, 0, 0, 0, 0, 0, 0, 0, 0, 0, 0, 0, 0, 0, 0, 0, 0, 3, 3, 3, 0, 3, 4, 3, 7, 0, 0, 0, 0, NULL, NULL),
(117, 'SOYUKI MIRANDA', '242A', 'Intimark2', 'A', 0, 0, 0, 0, 0, 0, 0, 0, 0, 0, 0, 0, 0, 0, 0, 0, 0, 0, 0, 0, 0, 0, 0, 0, 0, 0, 0, 0, 0, 0, 0, 0, 0, 0, 0, 0, 0, 0, 0, 0, NULL, 3, 3, 0, 3, 3, 3, 1, 0, 0, 0, 0, NULL, NULL),
(118, 'ROBERTO HDEZ', '243A', 'Intimark2', 'A', 0, 0, 0, 0, 0, 0, 0, 0, 0, 0, 0, 0, 0, 0, 0, 0, 0, 0, 0, 0, 0, 0, 0, 0, 0, 0, 0, 0, 0, 0, 0, 0, 0, 0, 0, 0, 0, 0, 0, 0, 2, 2, 3, 3, 3, 3, 3, 2, 0, 0, 0, 0, NULL, NULL),
(119, 'MARICELA GONZALEZ', '245A', 'Intimark2', 'A', 0, 0, 0, 0, 0, 0, 0, 0, 0, 0, 0, 0, 0, 0, 0, 0, 0, 0, 0, 0, 0, 0, 0, 0, 0, 0, 0, 0, 0, 0, 0, 0, 0, 0, 0, 0, 0, 0, 0, 0, 1, 2, 4, 2, 2, 3, 2, 4, 0, 0, 0, 0, NULL, NULL),
(120, 'JUAN ELORREAGA', '250A', 'Intimark2', 'A', 0, 0, 0, 0, 0, 0, 0, 0, 0, 0, 0, 0, 0, 0, 0, 0, 0, 0, 0, 0, 0, 0, 0, 0, 0, 0, 0, 0, 0, 0, 0, 0, 0, 0, 0, 0, 0, 0, 0, 0, NULL, 2, 1, 2, 2, 1, 2, 5, 0, 0, 0, 0, NULL, NULL),
(121, 'SOYUKI MIRANDA', '244A', 'Intimark2', 'A', 0, 0, 0, 0, 0, 0, 0, 0, 0, 0, 0, 0, 0, 0, 0, 0, 0, 0, 0, 0, 0, 0, 0, 0, 0, 0, 0, 0, 0, 0, 0, 0, 0, 0, 0, 0, 0, 0, 0, 0, 2, 3, 0, 3, 3, 3, 3, 3, 0, 0, 0, 0, NULL, NULL),
(123, 'DOMINGO MATEO SAMANO', '114A', 'Intimark1', 'A', 0, 0, 0, 0, 0, 0, 0, 0, 0, 0, 0, 0, 0, 0, 0, 0, 0, 0, 0, 0, 0, 0, 0, 0, 0, 0, 0, 0, 0, 0, 0, 0, 0, 0, 0, 0, 0, 0, 0, 0, NULL, 3, 3, NULL, 5, 6, 6, 2, NULL, 2, NULL, NULL, NULL, NULL),
(124, 'NOE MARTINEZ GUTIERREZ', '141A', 'Intimark1', 'A', 0, 0, 0, 0, 0, 0, 0, 0, 0, 0, 0, 0, 0, 0, 0, 0, 0, 0, 0, 0, 0, 0, 0, 0, 0, 0, 0, 0, 0, 0, 0, 0, 0, 0, 0, 0, 0, 0, 0, 0, NULL, NULL, NULL, NULL, NULL, NULL, 6, 5, NULL, NULL, NULL, NULL, NULL, NULL),
(125, 'FRANCISCO JERONIMO CHAVEZ', '145A', 'Intimark1', 'A', 0, 0, 0, 0, 0, 0, 0, 0, 0, 0, 0, 0, 0, 0, 0, 0, 0, 0, 0, 0, 0, 0, 0, 0, 0, 0, 0, 0, 0, 0, 0, 0, 0, 0, 0, 0, 0, 0, 0, 0, NULL, NULL, NULL, NULL, NULL, NULL, 5, 6, NULL, NULL, NULL, NULL, NULL, NULL),
(126, 'RAYMUDO REBOLLO', '151A', 'Intimark1', 'A', 0, 0, 0, 0, 0, 0, 0, 0, 0, 0, 0, 0, 0, 0, 0, 0, 0, 0, 0, 0, 0, 0, 0, 0, 0, 0, 0, 0, 0, 0, 0, 0, 0, 0, 0, 0, 0, 0, 0, 0, NULL, NULL, NULL, NULL, NULL, NULL, 4, 6, NULL, NULL, NULL, NULL, NULL, NULL),
(127, 'ANGELA GONZALEZ GERVACIO', '154A', 'Intimark1', 'A', 0, 0, 0, 0, 0, 0, 0, 0, 0, 0, 0, 0, 0, 0, 0, 0, 0, 0, 0, 0, 0, 0, 0, 0, 0, 0, 0, 0, 0, 0, 0, 0, 0, 0, 0, 0, 0, 0, 0, 0, NULL, NULL, NULL, NULL, NULL, NULL, 5, 7, NULL, NULL, NULL, NULL, NULL, NULL),
(128, 'GUADALUPE JOSE MARTINEZ', '158A', 'Intimark1', 'A', 0, 0, 0, 0, 0, 0, 0, 0, 0, 0, 0, 0, 0, 0, 0, 0, 0, 0, 0, 0, 0, 0, 0, 0, 0, 0, 0, 0, 0, 0, 0, 0, 0, 0, 0, 0, 0, 0, 0, 0, NULL, NULL, NULL, NULL, NULL, NULL, NULL, 7, NULL, NULL, NULL, NULL, NULL, NULL),
(144, 'PRUEBA', '100A', 'Intimark1', 'B', 0, 0, 0, NULL, NULL, NULL, NULL, NULL, NULL, NULL, NULL, NULL, NULL, NULL, NULL, NULL, NULL, NULL, NULL, NULL, NULL, NULL, NULL, NULL, NULL, NULL, NULL, NULL, NULL, NULL, NULL, NULL, NULL, NULL, NULL, NULL, NULL, NULL, NULL, NULL, NULL, NULL, NULL, NULL, NULL, NULL, NULL, NULL, NULL, NULL, NULL, NULL, NULL, NULL),
(145, 'BRAYAM TEOFILO PRUEBA', '99S', 'Intimark1', 'B', 0, 0, 0, NULL, NULL, NULL, NULL, NULL, NULL, NULL, NULL, NULL, NULL, NULL, NULL, NULL, NULL, NULL, NULL, NULL, NULL, NULL, NULL, NULL, NULL, NULL, NULL, NULL, NULL, NULL, NULL, NULL, NULL, NULL, NULL, NULL, NULL, NULL, NULL, NULL, NULL, NULL, NULL, NULL, NULL, NULL, NULL, NULL, NULL, NULL, NULL, NULL, NULL, NULL),
(146, 'BRAYAM TEOFILO PRUEBA', '98S', 'Intimark2', 'B', 0, 0, 0, NULL, NULL, NULL, NULL, NULL, NULL, NULL, NULL, NULL, NULL, NULL, NULL, NULL, NULL, NULL, NULL, NULL, NULL, NULL, NULL, NULL, NULL, NULL, NULL, NULL, NULL, NULL, NULL, NULL, NULL, NULL, NULL, NULL, NULL, NULL, NULL, NULL, NULL, NULL, NULL, NULL, NULL, NULL, NULL, NULL, NULL, NULL, NULL, NULL, NULL, NULL);

-- --------------------------------------------------------

--
-- Estructura de tabla para la tabla `team_modulo`
--

CREATE TABLE `team_modulo` (
  `id` int(11) NOT NULL,
  `team_leader` varchar(50) DEFAULT NULL,
  `Modulo` varchar(50) DEFAULT NULL,
  `planta` varchar(50) DEFAULT NULL,
  `cliente` varchar(50) DEFAULT NULL,
  `sam` decimal(20,4) DEFAULT NULL,
  `op_real` int(11) DEFAULT NULL,
  `op_presencia` int(11) DEFAULT NULL,
  `pxhrs` int(11) DEFAULT NULL,
  `capacitacion` int(11) DEFAULT NULL,
  `utility` decimal(20,1) DEFAULT NULL,
  `piezas_meta` int(11) DEFAULT NULL,
  `created_at` datetime DEFAULT NULL,
  `updated_at` datetime DEFAULT NULL,
  `deleted_at` datetime DEFAULT NULL
) ENGINE=InnoDB DEFAULT CHARSET=utf8mb4;

--
-- Volcado de datos para la tabla `team_modulo`
--

INSERT INTO `team_modulo` (`id`, `team_leader`, `Modulo`, `planta`, `cliente`, `sam`, `op_real`, `op_presencia`, `pxhrs`, `capacitacion`, `utility`, `piezas_meta`, `created_at`, `updated_at`, `deleted_at`) VALUES
(1, 'ELIAS', '101A', 'IntimarkI', 'CHICOS', '18.7827', 30, 27, 0, 0, '1247.4', 409, NULL, NULL, NULL),
(2, NULL, '102A', 'IntimarkI', NULL, '0.0000', 0, 0, 0, 0, '0.0', 0, NULL, NULL, NULL),
(3, 'HEIDI', '103A', 'IntimarkI', 'CHICOS', '4.2814', 7, 7, 0, 0, '0.0', 1010, NULL, NULL, NULL),
(4, NULL, '104A', 'IntimarkI', NULL, '0.0000', 0, 0, 0, 0, '0.0', 0, NULL, NULL, NULL),
(5, NULL, '105A', 'IntimarkI', NULL, '0.0000', 0, 0, 0, 0, '0.0', 0, NULL, NULL, NULL),
(6, 'ARACELI', '107A', 'IntimarkI', 'NUUDS', '11.7725', 23, 20, 0, 0, '0.0', 519, NULL, NULL, NULL),
(7, 'ELVIA', '110A', 'IntimarkI', 'BELL', '17.6255', 14, 14, 0, 0, '0.0', 194, NULL, NULL, NULL),
(8, 'DOMINGO', '111A', 'IntimarkI', 'VS', '3.7138', 7, 6, 0, 0, '0.0', 983, NULL, NULL, NULL),
(9, NULL, '112A', 'IntimarkI', NULL, '0.0000', 0, 0, 0, 0, '0.0', 0, NULL, NULL, NULL),
(10, 'J. CARLOS', '113A', 'IntimarkI', 'VS', '2.6002', 7, 7, 0, 0, '0.0', 932, NULL, NULL, NULL),
(11, 'DOMINGO', '114A', 'IntimarkI', 'VS', '3.7138', 7, 7, 180, 0, '0.0', 885, NULL, NULL, NULL),
(12, 'AMBAR', '115A', 'IntimarkI', 'VS', '2.6002', 7, 7, 0, 0, '0.0', 1195, NULL, NULL, NULL),
(13, 'J. CARLOS', '117A', 'IntimarkI', 'VS', '2.6002', 7, 7, 0, 0, '0.0', 713, NULL, NULL, NULL),
(14, 'FRANCISCO', '118A', 'IntimarkI', 'VS', '3.7138', 7, 7, 0, 0, '0.0', 777, NULL, NULL, NULL),
(15, 'ALEJANDRA', '120A', 'IntimarkI', 'VS', '3.7640', 7, 6, 0, 0, '617.4', 1148, NULL, NULL, NULL),
(16, 'FAUSTINO', '121A', 'IntimarkI', 'CHICOS', '26.3600', 29, 27, 0, 0, '1234.8', 263, NULL, NULL, NULL),
(17, 'ALEJANDRA', '122A', 'IntimarkI', 'VS', '3.7640', 7, 7, 0, 0, '0.0', 1148, NULL, NULL, NULL),
(18, 'ELVIA', '123A', 'IntimarkI', 'VS', '3.7640', 7, 7, 0, 0, '0.0', 1148, NULL, NULL, NULL),
(19, 'ALEJANDRA', '125A', 'IntimarkI', 'VS', '0.2658', 3, 3, 0, 0, '0.0', 6968, NULL, NULL, NULL),
(20, 'ANGELA', '127A', 'IntimarkI', 'MARENA', '12.0336', 13, 12, 0, 0, '3704.4', 287, NULL, NULL, NULL),
(21, 'HEIDI', '128A', 'IntimarkI', 'CHICOS', '4.2814', 6, 6, 0, 0, '617.4', 1009, NULL, NULL, NULL),
(22, 'DOMINGO', '130A', 'IntimarkI', 'VS', '2.6002', 7, 6, 180, 0, '617.4', 1626, NULL, NULL, NULL),
(23, 'ANGELA', '131A', 'IntimarkI', 'MARENA', '7.3447', 0, 0, 0, 0, '0.0', 0, NULL, NULL, NULL),
(24, 'AMBAR', '133A', 'IntimarkI', 'BN3', '9.6475', 21, 21, 0, 0, '3087.0', 1057, NULL, NULL, NULL),
(25, 'DOMINGO', '138A', 'IntimarkI', 'VS', '3.7138', 7, 7, 0, 0, '0.0', 1165, NULL, NULL, NULL),
(26, 'ALEJANDRA', '139A', 'IntimarkI', 'VS', '3.7640', 7, 6, 0, 0, '617.4', 1148, NULL, NULL, NULL),
(27, 'FRANCISCO', '140A', 'IntimarkI', 'VS', '2.6002', 7, 7, 0, 0, '0.0', 1526, NULL, NULL, NULL),
(28, 'ALEJANDRA', '143A', 'IntimarkI', 'VS', '3.7640', 7, 7, 0, 0, '0.0', 1148, NULL, NULL, NULL),
(29, 'ARACELI', '148A', 'IntimarkI', 'CHICOS', '8.3065', 8, 10, 0, 0, '617.0', 500, NULL, NULL, NULL),
(30, 'J. CARLOS', '150A', 'IntimarkI', 'CHICOS', '4.2814', 8, 8, 0, 0, '0.0', 575, NULL, NULL, NULL),
(31, 'HEIDI', '152A', 'IntimarkI', 'VS', '5.2993', 7, 7, 0, 0, '0.0', 1036, NULL, NULL, NULL),
(32, 'ANGELA', '154A', 'IntimarkI', 'MARENA', '4.5242', 4, 7, 0, 0, '630.0', 491, NULL, NULL, NULL),
(33, 'GUADALUPE', '162A', 'IntimarkI', 'VS', '2.6002', 7, 7, 0, 0, '0.0', 1283, NULL, NULL, NULL),
(34, NULL, '164A', 'IntimarkI', NULL, '0.0000', 0, 0, 0, 0, '0.0', 0, NULL, NULL, NULL),
(35, 'HEIDI', '167A', 'IntimarkI', 'VS', '2.6002', 7, 7, 0, 0, '0.0', 1385, NULL, NULL, NULL),
(36, NULL, '168A', 'IntimarkI', 'CHICOS', '8.2615', 8, 7, 0, 0, '1260.0', 454, NULL, NULL, NULL),
(37, 'FRANCISCO', '172A', 'IntimarkI', 'VS', '3.7138', 7, 7, 0, 0, '0.0', 1148, NULL, NULL, NULL),
(38, 'LORENA', '199A', 'IntimarkI', 'ELITE´S', '11.2820', 14, 14, 0, 0, '0.0', 281, NULL, NULL, NULL),
(39, 'RAYMUNDO', '830A', 'IntimarkI', 'EMPAQUE', '0.9100', 13, 13, 0, 0, '0.0', 6439, NULL, NULL, NULL),
(40, NULL, '119A', 'IntimarkI', NULL, '0.0000', 0, 0, 0, 0, '0.0', 0, NULL, NULL, NULL),
(41, 'J. CARLOS', '124A', 'IntimarkI', 'VS', '2.6002', 7, 7, 0, 0, '0.0', 410, NULL, NULL, NULL),
(42, NULL, '126A', 'IntimarkI', NULL, '0.0000', 0, 0, 0, 0, '0.0', 0, NULL, NULL, NULL),
(43, NULL, '135A', 'IntimarkI', NULL, '0.0000', 0, 0, 0, 0, '0.0', 0, NULL, NULL, NULL),
(44, NULL, '136A', 'IntimarkI', NULL, '0.0000', 0, 0, 0, 0, '0.0', 0, NULL, NULL, NULL),
(45, NULL, '146A', 'IntimarkI', NULL, '0.0000', 0, 0, 0, 0, '0.0', 0, NULL, NULL, NULL),
(46, 'GUADALUPE', '147A', 'IntimarkI', 'VS', '2.6002', 7, 7, 0, 0, '0.0', 1227, NULL, NULL, NULL),
(47, NULL, '149A', 'IntimarkI', NULL, '0.0000', 0, 0, 0, 0, '0.0', 0, NULL, NULL, NULL),
(48, 'ELVIA', '158A', 'IntimarkI', 'NUUDS', '10.5995', 8, 8, 0, 0, '0.0', 177, NULL, NULL, NULL),
(49, 'NOE', '141A', 'IntimarkI', 'LEQ', '16.6428', 23, 23, 0, 630, '617.4', 413, NULL, NULL, NULL),
(50, 'RAYMUNDO', '151A', 'IntimarkI', 'LEQ', '3.4642', 3, 3, 0, 0, '0.0', 321, NULL, NULL, NULL),
(52, 'J. CARLOS', '106A', 'IntimarkI', 'VS', '11.7725', 7, 7, 0, 0, '0.0', 66, NULL, NULL, NULL);

-- --------------------------------------------------------

--
-- Estructura de tabla para la tabla `team_modulo_old`
--

CREATE TABLE `team_modulo_old` (
  `id` int(11) NOT NULL,
  `team_leader` varchar(50) DEFAULT NULL,
  `modulo` varchar(50) DEFAULT NULL,
  `deleted_at` datetime DEFAULT NULL,
  `created_at` datetime DEFAULT NULL,
  `updated_at` datetime DEFAULT NULL
) ENGINE=InnoDB DEFAULT CHARSET=utf8mb4;

--
-- Volcado de datos para la tabla `team_modulo_old`
--

INSERT INTO `team_modulo_old` (`id`, `team_leader`, `modulo`, `deleted_at`, `created_at`, `updated_at`) VALUES
(1, 'ALEJANDRA', '120A', NULL, NULL, NULL),
(2, 'ALEJANDRA', '122A', NULL, NULL, NULL),
(3, 'ALEJANDRA', '125A', NULL, NULL, NULL),
(4, 'ALEJANDRA', '139A', NULL, NULL, NULL),
(5, 'ALEJANDRA', '143A', NULL, NULL, NULL),
(6, 'AMBAR', '105A', NULL, NULL, NULL),
(7, 'AMBAR', '115A', NULL, NULL, NULL),
(8, 'AMBAR', '133A', NULL, NULL, NULL),
(9, 'ANGELA', '127A', NULL, NULL, NULL),
(10, 'ANGELA', '131A', NULL, NULL, NULL),
(11, 'ANGELA', '154A', NULL, NULL, NULL),
(12, 'ARACELI', '107A', NULL, NULL, NULL),
(13, 'ARACELI', '148A', NULL, NULL, NULL),
(14, 'ARACELI', '168A', NULL, NULL, NULL),
(15, 'DOMINGO', '111A', NULL, NULL, NULL),
(16, 'DOMINGO', '114A', NULL, NULL, NULL),
(17, 'DOMINGO', '130A', NULL, NULL, NULL),
(18, 'DOMINGO', '138A', NULL, NULL, NULL),
(19, 'ELIAS', '101A', NULL, NULL, NULL),
(20, 'ELVIA', '110A', NULL, NULL, NULL),
(21, 'ELVIA', '123A', NULL, NULL, NULL),
(22, 'ELVIA', '158A', NULL, NULL, NULL),
(23, 'FAUSTINO', '121A', NULL, NULL, NULL),
(24, 'FRANCISCO', '118A', NULL, NULL, NULL),
(25, 'FRANCISCO', '140A', NULL, NULL, NULL),
(26, 'FRANCISCO', '172A', NULL, NULL, NULL),
(27, 'GUADALUPE', '147A', NULL, NULL, NULL),
(28, 'GUADALUPE', '162A', NULL, NULL, NULL),
(29, 'HEIDI', '103A', NULL, NULL, NULL),
(30, 'HEIDI', '128A', NULL, NULL, NULL),
(31, 'HEIDI', '152A', NULL, NULL, NULL),
(32, 'HEIDI', '167A', NULL, NULL, NULL),
(33, 'J.CARLOS', '113A', NULL, NULL, NULL),
(34, 'J.CARLOS', '117A', NULL, NULL, NULL),
(35, 'J.CARLOS', '124A', NULL, NULL, NULL),
(36, 'J.CARLOS', '150A', NULL, NULL, NULL),
(37, 'LORENA', '199A', NULL, NULL, NULL),
(38, 'NOE', '141A', NULL, NULL, NULL),
(39, 'RAYMUNDO', '151A', NULL, NULL, NULL),
(40, 'RAYMUNDO', '830A', NULL, NULL, NULL);

-- --------------------------------------------------------

--
-- Estructura de tabla para la tabla `users`
--

CREATE TABLE `users` (
  `id` bigint(20) UNSIGNED NOT NULL,
  `name` varchar(191) COLLATE utf8_unicode_ci NOT NULL,
  `email` varchar(191) COLLATE utf8_unicode_ci NOT NULL,
  `no_empleado` varchar(20) COLLATE utf8_unicode_ci DEFAULT NULL,
  `password` varchar(191) COLLATE utf8_unicode_ci DEFAULT NULL,
  `puesto` varchar(200) COLLATE utf8_unicode_ci DEFAULT NULL,
  `inactivo` varchar(1) COLLATE utf8_unicode_ci DEFAULT NULL,
  `remember_token` varchar(100) COLLATE utf8_unicode_ci DEFAULT NULL,
  `fecha_ultimo_acceso` datetime DEFAULT NULL,
  `fecha_ultima_notificacion` datetime DEFAULT NULL,
  `usuario_creacion_id` bigint(20) UNSIGNED DEFAULT NULL,
  `usuario_actualizacion_id` bigint(20) UNSIGNED DEFAULT NULL,
  `created_at` timestamp NULL DEFAULT NULL,
  `updated_at` timestamp NULL DEFAULT NULL
) ENGINE=MyISAM DEFAULT CHARSET=utf8 COLLATE=utf8_unicode_ci;

--
-- Volcado de datos para la tabla `users`
--

INSERT INTO `users` (`id`, `name`, `email`, `no_empleado`, `password`, `puesto`, `inactivo`, `remember_token`, `fecha_ultimo_acceso`, `fecha_ultima_notificacion`, `usuario_creacion_id`, `usuario_actualizacion_id`, `created_at`, `updated_at`) VALUES
(1, 'Administrador del Sistema', 'admin@hotmail.com', '1', '$2y$10$Rq5ZnRyS8TYIKaV4yVb8hubGOJ1eI57d2C4.h/0FwjVDuAPsenqYS', 'administrador', '0', NULL, '2023-03-23 12:22:49', '2023-02-01 00:00:00', NULL, NULL, '2020-11-04 19:34:26', '2023-03-23 18:22:49'),
(2, 'Gerardo Vergara Mendoza', 'gvm7506@gmail.com', '2', '$2y$10$Rq5ZnRyS8TYIKaV4yVb8hubGOJ1eI57d2C4.h/0FwjVDuAPsenqYS', 'Administrador', '0', NULL, '2023-10-25 11:05:16', '2023-02-01 00:00:00', NULL, NULL, '2020-11-04 19:34:26', '2023-10-25 17:05:16'),
(490, 'Gerardo Vergara Mendoza', 'gvergara@intimark.com.mx', NULL, '$2y$10$.4RfYteWI9sXlMbigiPWFuUvVSADpahH.FjezmM8nuTorjbH2IXgS', NULL, NULL, NULL, NULL, NULL, NULL, NULL, '2023-12-04 22:48:20', '2023-12-04 22:48:20'),
(491, 'brayam', 'bteofilo@intimark.com.mx', NULL, '$2y$10$KBqyuyB25zJAA9QshzjkguNFXcOeO03hf7EkKW3dx18rd5Gek4UOK', NULL, NULL, 'Qrkv0nTr1WyCHva2vCCe4xT439iqZrd6i70CRXo7y6bmt7mjBR4UW6cF9bQn', NULL, NULL, NULL, NULL, '2023-12-04 22:58:36', '2023-12-04 22:58:36'),
(492, 'ROBERTO BARRERA', 'rbarrera@intimark.com.mx', NULL, '$2y$10$f5ajfXcBR7p2B.O.8unFdu0KAx4qOf4D/ImLK/Q4OCRMqf0ZxGDhC', NULL, NULL, NULL, NULL, NULL, NULL, NULL, '2023-12-14 00:45:55', '2023-12-14 00:45:55');

--
-- Índices para tablas volcadas
--

--
-- Indices de la tabla `cat_areas`
--
ALTER TABLE `cat_areas`
  ADD PRIMARY KEY (`id`);

--
-- Indices de la tabla `cat_clientes`
--
ALTER TABLE `cat_clientes`
  ADD PRIMARY KEY (`id`);

--
-- Indices de la tabla `cat_modulos`
--
ALTER TABLE `cat_modulos`
  ADD PRIMARY KEY (`id`);

--
-- Indices de la tabla `cat_team_leader`
--
ALTER TABLE `cat_team_leader`
  ADD PRIMARY KEY (`id`);

--
-- Indices de la tabla `formato_p07`
--
ALTER TABLE `formato_p07`
  ADD PRIMARY KEY (`id`);

--
-- Indices de la tabla `planeacion`
--
ALTER TABLE `planeacion`
  ADD PRIMARY KEY (`id`);

--
-- Indices de la tabla `planeacion_diaria`
--
ALTER TABLE `planeacion_diaria`
  ADD PRIMARY KEY (`id`),
  ADD KEY `Índice 2` (`id_planeacion`);

--
-- Indices de la tabla `produccion`
--
ALTER TABLE `produccion`
  ADD PRIMARY KEY (`id`);

--
-- Indices de la tabla `team_modulo`
--
ALTER TABLE `team_modulo`
  ADD PRIMARY KEY (`id`) USING BTREE;

--
-- Indices de la tabla `team_modulo_old`
--
ALTER TABLE `team_modulo_old`
  ADD PRIMARY KEY (`id`);

--
-- Indices de la tabla `users`
--
ALTER TABLE `users`
  ADD PRIMARY KEY (`id`) USING BTREE,
  ADD UNIQUE KEY `users_email_unique` (`email`) USING BTREE,
  ADD UNIQUE KEY `users_no_empleado_unique` (`no_empleado`) USING BTREE,
  ADD KEY `users_usuario_creacion_id_foreign` (`usuario_creacion_id`) USING BTREE,
  ADD KEY `users_usuario_actualizacion_id_foreign` (`usuario_actualizacion_id`) USING BTREE,
  ADD KEY `Índice 6` (`password`) USING BTREE;

--
-- AUTO_INCREMENT de las tablas volcadas
--

--
-- AUTO_INCREMENT de la tabla `cat_areas`
--
ALTER TABLE `cat_areas`
  MODIFY `id` int(11) NOT NULL AUTO_INCREMENT, AUTO_INCREMENT=10;

--
-- AUTO_INCREMENT de la tabla `cat_clientes`
--
ALTER TABLE `cat_clientes`
  MODIFY `id` int(11) NOT NULL AUTO_INCREMENT, AUTO_INCREMENT=11;

--
-- AUTO_INCREMENT de la tabla `cat_modulos`
--
ALTER TABLE `cat_modulos`
  MODIFY `id` int(11) NOT NULL AUTO_INCREMENT, AUTO_INCREMENT=53;

--
-- AUTO_INCREMENT de la tabla `cat_team_leader`
--
ALTER TABLE `cat_team_leader`
  MODIFY `id` int(11) NOT NULL AUTO_INCREMENT, AUTO_INCREMENT=17;

--
-- AUTO_INCREMENT de la tabla `formato_p07`
--
ALTER TABLE `formato_p07`
  MODIFY `id` int(11) NOT NULL AUTO_INCREMENT, AUTO_INCREMENT=201;

--
-- AUTO_INCREMENT de la tabla `planeacion`
--
ALTER TABLE `planeacion`
  MODIFY `id` int(11) NOT NULL AUTO_INCREMENT, AUTO_INCREMENT=40;

--
-- AUTO_INCREMENT de la tabla `planeacion_diaria`
--
ALTER TABLE `planeacion_diaria`
  MODIFY `id` int(11) NOT NULL AUTO_INCREMENT, AUTO_INCREMENT=1056;

--
-- AUTO_INCREMENT de la tabla `produccion`
--
ALTER TABLE `produccion`
  MODIFY `id` int(11) NOT NULL AUTO_INCREMENT, AUTO_INCREMENT=147;

--
-- AUTO_INCREMENT de la tabla `team_modulo`
--
ALTER TABLE `team_modulo`
  MODIFY `id` int(11) NOT NULL AUTO_INCREMENT, AUTO_INCREMENT=53;

--
-- AUTO_INCREMENT de la tabla `team_modulo_old`
--
ALTER TABLE `team_modulo_old`
  MODIFY `id` int(11) NOT NULL AUTO_INCREMENT, AUTO_INCREMENT=41;

--
-- AUTO_INCREMENT de la tabla `users`
--
ALTER TABLE `users`
  MODIFY `id` bigint(20) UNSIGNED NOT NULL AUTO_INCREMENT, AUTO_INCREMENT=493;
COMMIT;

/*!40101 SET CHARACTER_SET_CLIENT=@OLD_CHARACTER_SET_CLIENT */;
/*!40101 SET CHARACTER_SET_RESULTS=@OLD_CHARACTER_SET_RESULTS */;
/*!40101 SET COLLATION_CONNECTION=@OLD_COLLATION_CONNECTION */;
